ticket_id,customer_id,date_raised,category,resolution_time_hr,satisfaction_score
741d8557-e36f-4cab-b030-d65434142c66,71d59aea-911c-446a-9b94-19f7ef7c7aaf,2024-01-12,Product Feature,20.73,5
75b3a345-5d4f-4957-acf5-89506949d3ed,f40d9c41-799a-4345-be64-e517db5f84ca,2024-01-08,Billing,22.67,2
4caff077-880e-43aa-a1f5-dee3c5b28677,1e7a2475-0886-4039-855d-5d1632aad0f4,2024-02-24,Billing,38.18,5
4b00a582-47d9-4bde-8d55-8d2a900b5a63,f9fead34-03aa-4fcc-ab20-3246df86337d,2024-01-17,Billing,22.99,3
931e679a-31cd-498f-a998-25c5cf2964f3,5f699a7e-d975-4983-aba5-d74f092f3eff,2024-03-01,Billing,27.67,3
06931594-43da-44db-b409-a5475c0d2ae3,38bc5f4a-9da9-4c42-9dc9-d7828dfccebe,2024-01-28,Technical,38.19,2
740fcc8b-aa52-41bb-a4d4-85fd25cb4de6,95dc007d-1bdd-4912-a216-a51d17929e6f,2024-02-27,Product Feature,27.31,3
8d0c3a59-ab24-4475-9be2-8c1e1f8cb8e3,1768a715-4738-4436-b72d-32e017ec132f,2024-01-10,Billing,17.84,4
3f8ab9de-b8c5-44c2-9645-570a7ad57cde,dcf69da4-8010-493f-8949-ecc3ea73144e,2024-02-17,Product Feature,5.03,4
fa1f29e1-4d39-44f3-a7dc-7a1f35667f98,f60d460e-6511-4f1a-bdc7-5728163264dd,2024-03-27,Technical,35.31,4
77e39c5b-8871-4aa7-8487-07e3b90a2da5,59550c46-476f-4052-9ffe-46a3874804ef,2024-03-08,Product Feature,41.94,3
a0c223de-23b7-48f7-a3bb-f4ee7f1220fe,82e1c0a8-d53c-4aa6-8528-f7b00b635030,2024-02-21,Product Feature,46.59,4
964f9fad-c233-4d60-8dee-0eb5c6af8a3f,8ab6f095-2843-42e2-b0ba-020c4b3e8ab2,2024-03-16,Technical,44.55,5
8796d021-eea1-4446-88f6-d2b4fef0f377,3760d7ff-efa6-48f8-b285-9d1aa7cd0904,2024-03-12,Billing,38.48,1
41514daa-bb94-4a45-a3b9-b6762a8b0531,cfa13661-42e0-4f92-84df-9a7350d1b65d,2024-03-07,Product Feature,31.24,2
b583b658-f3e7-4199-8ff7-e61ebe9ac913,faf24cd8-178b-46c7-bbee-829fa20ee82a,2024-02-20,Product Feature,37.73,5
6cb8de84-c215-4e5f-8b24-54e181512545,aa99b759-0f40-492a-be07-293bcb0fd92f,2024-02-03,Billing,21.31,4
e6bbb16b-1315-4a89-b012-ff9367387308,1add3ca1-6916-4312-86ee-1ab54b35b4db,2024-03-15,Billing,28.95,1
5c842963-4ff3-4f93-8e8f-3978cbda992e,41003395-c4a8-404b-b70c-cf10084c1e98,2024-03-04,Product Feature,17.39,2
d03f84e1-356f-4af9-be69-aa92eed8abbc,3b7d8deb-29cf-4aa4-b5f3-cfec2f9ed6f7,2024-03-22,Technical,16.36,5
7b330e8a-af84-462d-b03c-e04d000d0c18,ed28b7fc-35e3-4fe8-bf6a-0ad871495096,2024-02-24,Billing,36.56,2
1dde11d3-d0af-4ac9-93eb-eab25e57b80e,0aacced1-8f63-452a-b2ed-a89df5a28bab,2024-02-26,Billing,22.33,3
f8862574-0369-4712-93f8-7afb7d55f928,1555f578-aa30-45ad-8afa-5b114723aebe,2024-03-29,Technical,10.97,4
94306f8c-c017-4b92-b337-cab040c7b4b1,f0b1e60e-42eb-4915-9106-27ac5bd6d0a1,2024-03-03,Product Feature,10.49,5
dec1cc6b-ef8f-46b6-bd88-b2e778927d23,086d0297-47f7-433b-9382-8158d453abb5,2024-02-23,Billing,41.38,5
126a511c-1adf-40fc-9898-e2f304832d10,c6da6f82-0681-453d-af8c-4ba7cefbf96d,2024-01-21,Product Feature,32.85,1
64a609c0-ef31-48ac-8643-4205d4fc7635,1607f24f-bb58-4522-b81a-97e18ee0352f,2024-01-19,Product Feature,26.66,1
54f78463-318f-4594-a2fe-3a9b592c9b3e,6a7eb539-dbaa-4698-a389-4db00485be67,2024-03-05,Product Feature,19.84,1
b26b45a7-45c8-4531-ba74-6d7ed9b71cd2,3d1ba46b-abb1-4313-b3c4-69490e84cde9,2024-01-17,Technical,21.25,2
5eea9fa3-302c-4401-ba30-acf38ddb1c6e,673700c1-f66d-483a-a0da-ab25790052f3,2024-03-03,Product Feature,3.7,4
00a39411-e830-407a-ad32-e257b77369e4,4ea8463e-a430-47d8-90e5-2f57b0885547,2024-02-28,Product Feature,22.38,2
696f2bbb-ed9e-4afd-875e-e90fab36da16,2fddd608-4438-4998-b590-ec1418e4c90e,2024-01-17,Billing,38.39,4
ff664ff3-4bcb-4825-b0f9-fcab2c0dc9e6,41003395-c4a8-404b-b70c-cf10084c1e98,2024-03-31,Billing,19.24,5
7159b783-ca2a-4bc0-8c98-2eaf7e4d285e,39586d83-4bbe-4e85-a9a7-2aa45c348c65,2024-03-06,Technical,19.03,2
55c30381-88f5-4f22-8b52-6cb2520f0e55,95dc007d-1bdd-4912-a216-a51d17929e6f,2024-03-08,Technical,1.74,2
a54ba54e-ad9d-4ed1-b550-b5ae1bde4aec,df562e1c-f0dd-4d51-ad97-b0a3b6f9a550,2024-01-16,Billing,22.52,2
c79695bb-e561-4d3a-9f4c-437309624d5f,6e28af27-b8ff-49e2-b13e-c5401115f563,2024-03-29,Billing,2.19,3
272f0b05-0218-4d92-b8b5-db4f4c4b3019,ab086e45-6d23-4f3a-ac8f-3d1373e3956f,2024-01-28,Technical,27.81,4
53511b15-48a0-4f1e-8664-6b21acfe7b99,639f41dc-8a34-4cf6-a23e-113726c3d150,2024-02-28,Product Feature,24.82,4
558ef309-6fb0-4f37-98cd-1d5938a52129,085084bc-d2ed-4e35-8374-526db52e8e9d,2024-03-01,Technical,40.48,2
264cb8a1-6441-477c-9105-f04ebce11f71,3e628eeb-5712-49e8-8f50-3df4c0cefa9c,2024-01-05,Product Feature,28.34,3
fcf6b631-79b9-4474-8647-cda49906b289,5f431c9e-fe90-4201-bb9c-641f8d1f6dc6,2024-01-21,Billing,16.2,2
898021d3-4593-47b1-b132-30392f91598e,528b49cd-7d83-49be-beea-2382b54d92da,2024-03-12,Billing,25.26,4
97d96a92-812e-4105-93b4-d49616d5b6df,f17d87c0-c59e-4615-8366-4d25ff6b057c,2024-02-17,Billing,33.89,5
8038fbac-fb46-4905-bdd2-1a4c6611b1ed,4d552037-746e-4142-a2c3-4b408369e9f9,2024-01-16,Product Feature,5.42,3
fd191101-dee3-487b-bb70-36cfd61cf240,0ff19026-554f-47e8-bdff-9e41120deb5a,2024-03-18,Technical,30.19,3
b4c17488-5339-4f15-9847-70dcae8823dd,62f2eb7c-f963-438d-8043-bda6c0263875,2024-02-22,Product Feature,44.08,2
58815a29-0912-4c53-91db-e601bd6ab361,e349bb99-413b-4992-8ea2-4a6b7c9ca2f8,2024-01-15,Technical,15.06,5
58b6d95f-482d-42dd-ac2a-08d2163d329b,abdf5cea-e136-4f62-9942-42c18eef20dc,2024-01-16,Technical,30.45,4
3e7d695c-d48a-4a47-9ea5-bbd7851ebc75,d7fea523-7e75-4330-9de9-800f9cfe46d0,2024-02-17,Technical,39.6,1
60758132-1545-46b0-83aa-9b3f9009db29,516cb53a-e872-4224-bada-0065f61fed41,2024-03-14,Billing,25.05,4
591e4a03-21bd-478b-a47c-ff5c2a55ce59,195ba982-33aa-472d-9b48-1b97aa389d87,2024-02-07,Technical,34.75,4
c9d1ca14-8f8e-482d-b6b4-9fc95a024d5c,fc0981f6-11de-4a5d-b291-e1ad776b491d,2024-01-06,Billing,15.62,5
e5ce1066-0a19-49d4-9ec0-9828a08f149e,1d21c88f-dec7-4856-8cdd-ad41a7378e39,2024-03-07,Technical,15.38,3
79249bd2-f40c-4adb-ba32-8f13e5f4e54a,3f7e4a32-4e15-4925-91a8-c0a641791c2a,2024-01-20,Technical,32.38,4
f02f22f4-51f1-4199-b1d5-5a7bcdb05cb7,3760d7ff-efa6-48f8-b285-9d1aa7cd0904,2024-01-16,Billing,34.15,3
1ee06e62-b0a1-4a66-8b7e-b276bf847c0d,3e549daf-84c8-4071-81bb-dcd71c17906f,2024-02-17,Billing,45.04,5
07dc5a13-05ef-4c66-b1bc-1529c8c2a877,c2d10d8d-d41a-463b-aa64-22ce6262af58,2024-02-09,Product Feature,11.57,5
a74086db-9c0d-486d-9aaf-fe4ea9210772,0287a9ee-a04c-4d65-96aa-ca5c411ab84a,2024-02-17,Technical,23.01,2
c6e76305-511f-4b82-ad8a-8ecdaef9c495,49cf1c24-20a2-440c-97f6-44d9c353e95f,2024-02-08,Billing,12.77,1
3de631a0-b07e-4974-a032-7fc9c0957b0f,ac997db4-da03-4f9d-8f92-32c2a20d0039,2024-02-07,Product Feature,4.76,5
944a7252-5d2c-48d2-b2be-136dc4cd885b,4844dbc4-832c-4d11-a60a-62b1f2ddeac3,2024-03-03,Product Feature,19.95,5
0ee12784-0186-402c-bbca-0a4aec5ea66f,64eaecfb-0466-4638-9886-103ffcb740ed,2024-01-04,Billing,18.58,3
7f53259c-c6b5-46eb-ad93-cf69afd3c569,49cf1c24-20a2-440c-97f6-44d9c353e95f,2024-01-19,Technical,13.71,5
9153d286-3a79-4270-8e21-e7f063a7aedb,3f0bab7f-609d-452a-a2bd-cf866a487247,2024-01-19,Product Feature,14.96,4
4a67d788-a87e-4359-94aa-69059b3918a1,cbfefdbc-11d0-4c9e-bc08-9481c96e4440,2024-03-16,Technical,17.94,2
9654a553-28fb-4fa8-afee-cd9a7c814d53,517a6395-6bf9-40cd-af05-c9bc5b3ba2c0,2024-02-23,Technical,47.48,2
90b89040-c9ec-4e9a-87b1-404f362981e1,e349bb99-413b-4992-8ea2-4a6b7c9ca2f8,2024-01-07,Product Feature,37.8,4
c08392a3-90c1-4d80-a73b-fa045f467ff7,f4aebad9-1a1f-45a2-98ef-90b0d189e7b3,2024-02-09,Billing,4.36,5
3a4e2acb-fa45-4d81-a7ce-f52438a0c745,fdcce0b2-a420-4098-a725-a3adecad54e3,2024-02-06,Technical,42,1
10605ed3-58ba-40e5-b62d-8029d7a10da2,195ba982-33aa-472d-9b48-1b97aa389d87,2024-01-28,Billing,30.77,5
34feb157-2502-4614-9cb8-227508ad9832,1a6576a6-7b28-40ff-b2d9-74ed24a7fe5c,2024-01-24,Product Feature,42.86,2
8e7b66f0-dcda-4a59-93ce-e4df66435a4f,faf24cd8-178b-46c7-bbee-829fa20ee82a,2024-03-03,Technical,17.06,1
2a6f98b5-54b9-4726-88ed-04b25fe15c62,3e549daf-84c8-4071-81bb-dcd71c17906f,2024-01-01,Billing,22.83,3
fc7806f1-9147-4a7e-9b2d-1e1fd4df52aa,6a7eb539-dbaa-4698-a389-4db00485be67,2024-01-16,Billing,43.12,3
494fa454-8146-481a-bef9-11c248974baa,0670c849-260d-4bd0-be9f-21f192959e68,2024-03-11,Technical,13.81,5
3e856954-16de-453b-ad06-6d821f7eaf23,f255a341-30a4-4d3b-9bc2-7c0aced48802,2024-02-14,Billing,44.03,5
e3882603-d44c-4f73-8c80-2adbc2fff616,5a31878a-ed1e-428e-99f4-8cbfc4fba08c,2024-01-09,Billing,39.94,1
8d70bf09-c66f-46f0-9938-8005f9ac893f,1a3a6584-3881-4f4f-9463-7778a46f0481,2024-01-06,Product Feature,47.09,1
5a0be1e0-d09d-4722-89c5-f1102814c954,61c00ac2-f659-45f0-b8c4-b92176aad708,2024-02-23,Product Feature,16.24,5
859f8989-02e1-49ee-9740-75d97f054d5a,1dad97a3-14be-456f-a828-2c472916a32f,2024-03-02,Billing,12.08,2
eb15ed09-1fd4-48ca-aab9-8b668ea5352e,1e7a2475-0886-4039-855d-5d1632aad0f4,2024-03-14,Billing,16.55,3
a9079fb6-0ebc-4638-9025-db964430acf1,c6cfccd2-eeb3-4316-a55e-9ccc34ee2a72,2024-02-09,Technical,45.87,1
ac569107-b377-4e77-906b-6931da076537,3759b6dc-d0bd-4fae-b3b5-021d7d80b436,2024-03-13,Product Feature,16.65,2
ed6633ef-18ca-4854-a7aa-b70c7824f903,6b9a1019-0a9c-4f9b-ba4f-98a8562e5fde,2024-02-27,Technical,27.56,5
b395e50f-f89f-4be6-a75b-7deb5f0f05d0,18ef7905-de53-4113-846f-33ec0feaf1fa,2024-02-13,Billing,19.97,4
4564245b-7869-498c-99c5-5c4ebc35cc3f,b58dfdac-776d-45a8-a0fd-a592b38b1da8,2024-02-18,Technical,19.62,1
c361a403-c7bf-45b6-9ed7-898fc0caddab,6676aca8-6740-42b0-81e4-358c6f7cf008,2024-03-01,Billing,10.09,4
4fd9f044-0529-4884-9dc0-aa56905616d8,f1177af0-03c4-4a6e-bfc8-2b39e6c201fe,2024-03-18,Product Feature,26.24,2
1dfff45b-910f-42f1-8a6e-3e3f3a46ec74,c4be35d2-66c4-4069-aefe-7bc6a03a821b,2024-01-17,Product Feature,40.92,3
f2cd4ceb-4bbb-46a1-b69b-3275ac135935,e315bb98-ec89-4a50-b259-824d457ee0e8,2024-01-18,Billing,3.33,2
cd49a047-f9d4-4b63-b484-f5ddf2cd8790,6a7eb539-dbaa-4698-a389-4db00485be67,2024-03-05,Product Feature,42.79,3
a09b1c2f-d6f4-4b0a-9632-f3c47fafc342,101e02c2-e8e9-4fcf-9e6a-94249052d734,2024-03-22,Billing,32.28,2
e6e883b1-8fa2-457a-97fb-5a8cf53baf66,d0821df1-d7b9-4dbe-8076-07970ee35c66,2024-02-28,Technical,29.99,1
3fd4480d-2842-4c45-9341-90dbea767f90,354a8a72-0397-49b3-beeb-0277983cfa38,2024-02-27,Billing,30.42,1
eb3fd38a-ee1c-4917-acd2-0e09424c18e1,754d6947-0d5f-44e0-b4db-451b14e530aa,2024-03-26,Technical,14.92,4
730d77bb-c864-4594-8905-ba5534af2f37,90bb03c1-85ad-488a-b793-53776172d237,2024-02-27,Billing,20.51,2
08f7609f-36e0-425b-b0f5-eb082b7f74c7,7783d7a3-9053-4b5c-817e-eb774503a840,2024-01-20,Product Feature,38.57,2
e092c8fd-b66a-4cfd-b771-1a38cae4c6a2,aa9a5151-3bac-4c1d-90e7-d1c3fa1b5c00,2024-02-11,Billing,15.4,4
3ae4ed8b-cab7-4f8b-995a-7ea5a53c47f7,947eab59-0103-4929-ac15-ecb2b82e30e9,2024-01-12,Billing,23.09,5
cb690364-6bea-49ff-b922-120a2565601b,edf90d3b-a609-46d7-8365-b57253bd35d1,2024-03-20,Billing,1.92,2
8b7f9d39-ba1c-4adb-94e8-4dd78a39b004,55951a6b-ff57-40ed-a000-5cc993af3218,2024-03-26,Product Feature,35.48,2
baea94a8-af32-4125-956a-d06c167f6d1b,c30a4fee-889a-483b-9a89-771c8e03605a,2024-03-20,Billing,20.63,2
2687c469-6b36-4a09-bc6e-652ef547c1ce,4966fe65-364a-401e-9244-32cb6af4f0e1,2024-02-22,Product Feature,25.69,5
04cce4e9-6f97-4332-a4a7-10fc2581ec40,5a31878a-ed1e-428e-99f4-8cbfc4fba08c,2024-02-19,Billing,6.39,1
b9d7e254-90f9-48bd-8402-9b352fbfeb77,2a0ae064-2072-4808-8582-0f24efd40bae,2024-01-30,Technical,47.61,4
ef3145ca-dea7-461f-9246-56c0f7dde749,d676e249-7138-42d0-9b9c-a0ba9344cb61,2024-02-20,Billing,15.22,5
738bb3b9-c935-4b2c-bd17-8ccba3625305,caed1e80-df40-4f65-91af-58b348825aaf,2024-02-13,Technical,30.84,3
8b1ef47e-4c14-4e10-a54b-ea1bcae8d008,1607f24f-bb58-4522-b81a-97e18ee0352f,2024-03-10,Product Feature,28.32,3
6d887f17-398e-4e02-993a-89e7a854d54f,62f2eb7c-f963-438d-8043-bda6c0263875,2024-01-06,Product Feature,37.9,5
15af044f-dc33-49ec-991c-fbdd7b52c41d,0994803a-2cca-4a7f-9ff1-49fe855c94c4,2024-03-26,Billing,14.81,5
f9d50685-d7ad-4a7d-ac92-3428afe0f12c,866f081a-4d85-4f74-b56d-026c8184efd0,2024-02-26,Product Feature,36.53,1
ac04b2e9-d2aa-48a0-921f-07302deb64ab,aa99b759-0f40-492a-be07-293bcb0fd92f,2024-02-05,Billing,18.98,3
150bd1fe-a542-48cc-b53a-aa85bd35c612,39a37987-5875-4daa-9b05-843c04faf920,2024-03-23,Product Feature,20.32,4
137eec08-9cb0-4416-98dd-1d2ff87c6a6d,fcb8903f-ffa8-4e13-a9ee-7a104bb1a141,2024-01-12,Technical,32.62,2
230db4ad-2dd2-4bbe-b9ec-f9e9bddff517,87849327-0bd4-4993-9e4f-85b9d741105f,2024-01-22,Product Feature,37.86,2
b6d97ee1-93de-472e-900d-27365ef01947,50441573-ef1d-41ab-9b23-4881ceb48745,2024-03-31,Technical,32.34,1
2c18ca2e-d51f-4051-87f6-499f686d8fd5,3df0af43-0115-45ba-b3d8-8732a88a68d6,2024-01-04,Billing,43.29,1
202726b4-4f83-438a-82e3-0994562b75c5,f9d91239-b61c-491b-a810-439192fb8cb2,2024-03-14,Billing,14.4,3
2cb5b1a7-50b0-46c9-9455-28b49fecc839,75dfc50d-715a-457e-8172-854d9d937909,2024-03-21,Billing,43.33,4
55060599-80b7-443b-81e7-38130c1f3fb5,65a2a27f-2394-4e62-a506-fe6b6f2cd4da,2024-03-31,Technical,7.15,4
2a11ebc7-c2f0-4d6d-bd17-8426cea17440,084c5475-09b3-45f6-9759-ede294dab051,2024-02-09,Billing,32,5
d07ca03f-572c-44c4-ad94-137531eb7f1a,4b68b986-4daf-4b5d-8448-f2cd7f278f46,2024-03-12,Billing,26.74,1
efa9472d-25ac-46ed-bd8e-5f0897f4b9c1,754d6947-0d5f-44e0-b4db-451b14e530aa,2024-03-23,Technical,24.25,2
7c37a215-a544-43f2-8fcd-96dcdcc71ec6,c936a2fe-b2ea-402f-8bbb-58f91156c3d3,2024-01-16,Product Feature,15.61,2
2f03629e-c373-47b0-a849-9a7090126801,bbcd0c2d-4552-41db-9e76-20a1655d028f,2024-03-23,Billing,24.68,3
cf8e9c35-2332-4652-893e-9abb1878566c,02b25e1c-254f-4cee-a523-8028b476baca,2024-03-12,Product Feature,8.6,2
8ebb016d-a1a9-4545-8975-306aeb2b398a,2fe12b2d-0075-47ef-bf34-473ccb43882f,2024-01-11,Product Feature,18.36,4
ee335809-22af-436e-b5d4-5cf24ed4d056,3df0af43-0115-45ba-b3d8-8732a88a68d6,2024-01-25,Billing,5.64,4
e49a2e6f-2238-45bb-b515-aed64c3747e9,b4b35f99-0ba3-4bcd-a901-12806270b18a,2024-03-20,Billing,27.88,1
570ddb64-5191-4119-a2f3-98d404a2b87a,8520d380-53df-4359-88fb-16cd7228451d,2024-03-10,Technical,5.5,3
c7647d03-235b-403d-9e43-147498f9468e,bb70b845-e2fb-417f-a1ed-4d2ffc95df8a,2024-03-14,Technical,8.54,2
01ad1ddd-ab3d-48de-ba50-ada678057bca,6186415a-a8fb-4e35-bf1a-52715b6d5b3e,2024-01-07,Billing,5.02,1
94dd4ca2-05a6-483e-a362-1ffb049a7e54,3e3ef7e6-9010-4bc7-8093-bee13c174495,2024-03-13,Product Feature,18.92,5
abb3ca3e-78d4-4360-b14d-6d94e7685e60,e70dd736-e5ad-45ae-b821-769ac81f3e18,2024-03-07,Technical,40.57,5
9ed2e6c0-fb9c-4925-901d-1a2a660668ce,5c0aaad3-9ba8-42fd-a454-ef5e76c6e20e,2024-01-25,Technical,43.62,2
eae5d7ce-7b60-44a0-9886-eb3d01488b58,bb70b845-e2fb-417f-a1ed-4d2ffc95df8a,2024-03-01,Billing,4.38,2
33192cc2-119b-4bdb-8c68-96edea44f289,0acc8eb1-7064-43d4-bdf9-8164f5b9b046,2024-03-05,Billing,30.82,2
2c7292a0-b1c7-49b7-b15e-0362e16faf53,65a2a27f-2394-4e62-a506-fe6b6f2cd4da,2024-01-03,Billing,33.17,4
aafb4e14-a70a-4c76-99fa-d1a293d44f7c,e86af8d2-762c-4947-a8aa-3b826ba788b3,2024-01-16,Billing,26.09,2
94375faf-c050-421c-837c-fce9879d8c9f,2b5489c5-93ae-48cc-8cea-c2d9b72cd903,2024-03-25,Technical,32.35,5
785b929a-0791-4660-85ef-813642baf4a1,93a15283-3468-4f78-9b5f-6c343803a54f,2024-03-09,Technical,11.98,2
a1a8cae7-3a63-44d4-9141-4b0352137591,f6b005ea-3260-4f65-bf0c-433d98c3bb92,2024-01-24,Technical,24.01,3
b32a34d2-20bd-47ed-8321-9c78ddae2efe,ea6fb0f7-21ac-419b-886e-d83a5c296076,2024-01-03,Product Feature,19.37,5
66a06619-2198-4239-aa93-b6c6189dcf13,0050555c-4baf-45a9-9c76-91a0593d9da9,2024-02-05,Technical,5.22,3
17e9e8f7-0f73-4002-96ec-52696265ca94,f9fead34-03aa-4fcc-ab20-3246df86337d,2024-01-27,Technical,30.4,5
47811606-fc33-4ad7-8694-c0ee8c08624b,ad802c2a-d351-410e-b9f4-aee0ed770332,2024-02-01,Billing,24.28,1
dad8dbf1-f076-4850-86d6-abc94de77a9b,2a10bb85-2fa7-4b29-bf3f-74df3b5db165,2024-03-31,Technical,13.93,5
2041032d-e092-4d47-8086-6b0c3a028210,b330ff40-13aa-4fe1-b843-739ce4929d10,2024-03-15,Technical,23.26,5
d8321b94-6213-4f64-8a62-4325fd955361,f109e130-9e3d-482b-80ab-112bc0bac3be,2024-02-26,Technical,37.44,3
739e004a-0147-4828-8a7c-19ef6f2f9720,99616492-cbe7-402a-95fb-f633fac4ec4b,2024-01-11,Billing,38.68,3
ff5b299e-f016-4eab-ac4d-ca9119d4ef8e,f95d961b-7a6f-4dbb-b22d-636962028e62,2024-03-09,Technical,31.53,5
53dcf746-3d3e-42fb-8c84-8c3f8f4229f2,a62e154e-e908-419d-aae1-a75bcdceccb2,2024-03-18,Technical,22.98,5
4361628e-4cdd-4336-9052-4670735313a7,7aa0c4af-901e-4ce9-82f3-b5b3199725ad,2024-02-11,Product Feature,28.06,4
241c98bb-3fd7-4261-938b-1820c3dcaad7,b58dfdac-776d-45a8-a0fd-a592b38b1da8,2024-02-21,Product Feature,19.1,1
3597cd73-824e-44c2-ac2a-2114f3bb8c2e,7aa0c4af-901e-4ce9-82f3-b5b3199725ad,2024-03-16,Product Feature,6.95,1
f43814b1-008e-4ed4-aadc-56b1a73be12e,ab086e45-6d23-4f3a-ac8f-3d1373e3956f,2024-01-06,Product Feature,19.12,2
5b25089a-1d70-4e39-a870-32d1fed7b814,5d7faa5c-b0a4-4321-b14a-1aa3b133ca59,2024-03-03,Billing,25.93,5
b275b359-fd58-4309-ad23-0237925c61ba,f109e130-9e3d-482b-80ab-112bc0bac3be,2024-01-03,Product Feature,29.15,5
8bd44f7f-b64e-48c0-9a9b-09c62817743b,354a8a72-0397-49b3-beeb-0277983cfa38,2024-02-13,Technical,44.98,5
234fd6be-d1a9-437d-96f1-db3e1f4e51be,0912546f-162a-45e8-807f-6dff6d2e3135,2024-02-25,Product Feature,37.53,5
9ade8899-cc1f-495c-8747-10e60dab9e2a,34318e67-2eb4-4552-a551-41309330d8d9,2024-01-24,Billing,8.14,1
6254401c-7214-4c39-8840-1f60856d16bb,5a26ea18-3a2b-4035-bc1b-2f901ffefa45,2024-02-23,Product Feature,9.19,3
05db76c9-4e38-41eb-8bf9-db81de4ed50d,276f006f-a0cc-4fff-b4d9-cf49891fd57f,2024-01-04,Product Feature,5.72,4
d89c7c77-d7ec-488a-92d2-d8fced43801e,4cf39ed1-2316-4a4d-bab2-54fe18cb3ced,2024-03-08,Billing,35.69,3
d6d164c5-b1cd-4572-993a-10b21724ca36,ed2aed15-a2d2-41dd-bd35-cc807636b563,2024-02-10,Billing,34.19,3
f57e77fa-ccdd-459f-80ca-7097c61b846a,374331c4-0c46-4926-b37e-dbfb4be82131,2024-02-18,Billing,47.36,1
c0889742-bf81-4406-bba2-5821e2eec510,c42d492b-cf84-4449-84a4-6f9bc67daef6,2024-02-02,Billing,25.54,4
58e960ee-c57b-473f-a528-2ce0cc9779dc,086d0297-47f7-433b-9382-8158d453abb5,2024-01-12,Billing,39.84,5
fde38a8e-69c7-43c0-bda8-0a28c4326bb9,0050555c-4baf-45a9-9c76-91a0593d9da9,2024-01-15,Billing,28.09,1
d12e856c-2203-49ba-876c-10e8bc691ea6,75dfc50d-715a-457e-8172-854d9d937909,2024-01-13,Technical,42.08,1
75231ed3-6d65-4701-94cd-87d14f3eb61e,c37b898e-a5a8-4f37-a994-d2e541130907,2024-03-10,Product Feature,34.89,4
aacd2256-d804-4fd0-bcac-15acaf8ca219,3759b6dc-d0bd-4fae-b3b5-021d7d80b436,2024-01-22,Product Feature,31.22,2
b80fe46b-f044-4ddf-9d51-181b63861887,6a7eb539-dbaa-4698-a389-4db00485be67,2024-02-06,Billing,27.56,1
5dcf8e4f-7e82-4d50-9f20-abb357333489,3165443c-b2b9-4219-84d8-95ca5e72e91e,2024-01-19,Billing,34.98,3
95cd59d4-7515-48ba-98de-5f805ca1ec09,7d6f5426-d97b-42ef-9eaa-c043c6bb77da,2024-01-24,Technical,20.72,3
7b80ff86-4ed2-4f15-868a-666974d791ea,7d6f5426-d97b-42ef-9eaa-c043c6bb77da,2024-02-02,Technical,5.54,5
83e7b4bd-9ebd-4ef6-99d1-a6910033fb0e,049e0d3d-529e-4af6-b457-fe534932938f,2024-01-12,Billing,2.88,1
50fcf86d-db0c-4abb-a799-c4c6fbf4a123,e349bb99-413b-4992-8ea2-4a6b7c9ca2f8,2024-01-20,Technical,23.51,5
e61ce64a-abe9-4d07-836f-09ba49c6ed58,c30a4fee-889a-483b-9a89-771c8e03605a,2024-02-09,Technical,29.17,1
6092903e-75a4-4691-8c2e-3175c7404ba8,36eee2e6-2404-4892-a20f-08a6c682133e,2024-02-22,Billing,4.71,4
6cc3e1e5-daac-4362-ae3e-4c7cd52c4bc5,1835613d-e9b2-4766-bf12-035a142cc146,2024-03-27,Billing,14.48,1
20d24ccc-14e7-46a2-b74c-595f7a8131aa,0cf22333-b7d9-45ac-b33c-07e8d614ca37,2024-01-22,Billing,16.14,2
851f3b21-2879-4243-9180-d9be7baa9406,c0c43dfe-1478-4774-a0eb-3d66984fb7de,2024-01-08,Billing,27.45,3
416e3595-fe5c-4e83-96c1-e82934a39c89,eb8633aa-026a-4cbc-b91b-a77d0bdc2fee,2024-03-19,Product Feature,14.09,4
02e0bb60-a8a6-45be-a224-2855c9316636,82e1c0a8-d53c-4aa6-8528-f7b00b635030,2024-02-11,Product Feature,5.5,3
6311eb9f-82e0-4954-935b-c324d019db50,25d3e60f-edcc-4b11-8780-e6eb81d75abc,2024-01-24,Billing,8.75,5
fb47fa19-722b-4b48-82c8-19c9c98d94f0,049e0d3d-529e-4af6-b457-fe534932938f,2024-01-04,Technical,9.18,4
61ee4abb-b255-474a-a0c2-92e820e201da,223199b7-fe9b-4867-8cfb-99797a14c4e0,2024-01-08,Billing,40.61,2
e6fde459-ab9b-4be6-9474-a50bc8fb24eb,5f431c9e-fe90-4201-bb9c-641f8d1f6dc6,2024-02-08,Product Feature,14.36,3
77e2dcb5-f795-4461-9c52-6f1e80544b00,7a9a31b8-9b0a-4e3b-8f20-f6a09662391a,2024-02-19,Technical,34.59,1
318f3618-484e-4caf-845d-1d3e83de6041,33afe775-cb8f-406f-a7d1-7c8a311bfdfd,2024-01-13,Product Feature,27.69,1
85e1ac99-1db4-4e9c-9407-958e64354751,d7ff7103-3e93-40d6-9fdd-bec39c09ab56,2024-02-10,Billing,46.92,1
e27b3f91-5f77-4238-8d27-56b5f5a01d90,6b9a1019-0a9c-4f9b-ba4f-98a8562e5fde,2024-01-19,Product Feature,13.82,4
45aaa6e5-98d1-4791-87e1-20b6bdaf87df,762ebcaa-de76-415f-9289-a0d280d4270d,2024-02-22,Product Feature,8.44,2
4a8faede-d041-47d5-bd0c-1b1532ec1c2b,c36a63ef-5f73-451f-b477-ac2283c552b6,2024-02-11,Product Feature,3.45,2
8bbc9c26-cde0-430c-939a-253527b61426,9e0f5dd8-d8a7-4bae-9e5d-ac1103024007,2024-02-03,Technical,12.33,2
df480925-1e26-45d5-831a-c1ec537b7ba0,f9d91239-b61c-491b-a810-439192fb8cb2,2024-02-18,Product Feature,33.15,3
9cf09509-0739-46be-8571-41b8b7cef9fc,978db4ba-198d-470b-9014-9b2527075e62,2024-01-16,Technical,5.01,4
6636f1ad-f252-4cd7-8fc5-03d73bcf30fd,e43944c2-da56-4056-83fa-e082eb2603e8,2024-01-07,Billing,12.5,1
aad20e78-4162-4382-8236-7aac0d0fca53,3f7e4a32-4e15-4925-91a8-c0a641791c2a,2024-01-26,Billing,41.2,3
33908c8f-8a0c-4f25-890e-9cc937a2d665,238cf77e-2fbc-40cb-bfad-35f32a90e7ef,2024-01-31,Product Feature,28.4,2
f1db58dc-88cd-4c7a-9d0d-2406c28d4f9d,6ae1c525-f668-45b4-95e6-a3fc6ec9e341,2024-03-17,Technical,4.27,1
b99a6b93-2579-4753-8a59-878da0865924,e91d2bfb-1609-4290-8934-f0a30ccda5a4,2024-03-16,Billing,3.24,4
7e002668-61ed-4460-a97f-9c495a3ec811,17f31303-96d5-4658-a797-f349d1045c66,2024-01-31,Technical,3.87,5
02605c93-7b54-408f-8b6f-54e0c61618c2,54cac78b-1cd2-4b7a-b012-b6b2e2adb653,2024-03-04,Technical,45.27,2
a1fee88d-9f4d-4a28-9006-823615694140,0994803a-2cca-4a7f-9ff1-49fe855c94c4,2024-03-06,Product Feature,40.94,2
83d86e2b-ff6e-4c06-8c29-ba2d87e5fad7,1d21c88f-dec7-4856-8cdd-ad41a7378e39,2024-03-05,Product Feature,40.71,2
7d3c22d1-c759-41e3-852d-55e5fa7849b7,e8199bae-23b5-4f3c-9c62-3fe7e898ea92,2024-02-19,Technical,44.44,2
900788fb-3e53-4203-99fa-07e1a3d07713,769f33d8-c00d-48cb-901c-c8fb49ff2c54,2024-01-15,Technical,24.75,1
2e97f9c5-caf8-46c9-ae84-e78bca26d22f,1e8e390b-51f3-4e04-9949-55cdd514e5ea,2024-02-04,Product Feature,12.63,4
65acd47c-93fc-4e7e-8904-73fadcf38647,476f9367-587e-4182-8102-a3ca5443d83c,2024-01-08,Technical,19.86,3
29064484-579c-4a4f-8e4f-e07895683c0d,da3e6864-e4d6-444f-8ba8-e59d61259065,2024-02-10,Product Feature,34.79,1
c50a9c5a-f05d-400f-a4d0-a4a6e814e07b,89cdbf24-b521-465c-9316-a03ec435c8d3,2024-02-29,Technical,42.17,4
1faec66a-20f9-42d8-88a4-7b0a5a2fc319,3c762ab2-31c3-45b5-a827-e1a617899958,2024-03-11,Product Feature,21.45,3
8e466ea2-59f2-47b6-b204-34d9e9a2d202,3a4aa2c4-649e-49c2-85b5-6fe3bb256a38,2024-02-22,Technical,26.16,2
4f35bb93-c113-4b07-bd9e-a38b4153fb71,60429018-6c67-434d-aac8-8c023be3d23a,2024-01-09,Product Feature,44.79,4
4b28199d-779d-4163-b292-169b51bd5ad2,24bb3971-9e38-48ae-9b42-9f53a449cc4b,2024-03-02,Technical,6.05,2
20226123-9cd4-4463-a7e8-a9b0bc2d5492,3a4aa2c4-649e-49c2-85b5-6fe3bb256a38,2024-01-04,Billing,41.53,4
6d82f78f-6478-41d4-9d90-4345a140230b,515959b9-db6f-447a-bb8d-9a141e5da95b,2024-02-22,Billing,8.49,5
bc228d97-e455-4580-9c9b-815e35cd0d28,64eaecfb-0466-4638-9886-103ffcb740ed,2024-03-22,Technical,23.74,2
1dcaf8dd-2997-4515-83bf-3ba7bd9d71a6,2a0ae064-2072-4808-8582-0f24efd40bae,2024-01-30,Billing,11.27,2
ccc0424f-bef9-479d-a4bd-1b3eec5cb3c0,edf90d3b-a609-46d7-8365-b57253bd35d1,2024-01-03,Technical,29.34,2
d8546b09-2631-47d4-8246-2b9acb67a8ee,aa9a5151-3bac-4c1d-90e7-d1c3fa1b5c00,2024-02-04,Technical,27.25,1
edc505ac-8d6c-4ae4-a77b-0e14222ca200,aa99b759-0f40-492a-be07-293bcb0fd92f,2024-03-11,Billing,18.86,3
5506464c-33b9-4860-a42a-01b732f4a4db,d676e249-7138-42d0-9b9c-a0ba9344cb61,2024-03-16,Technical,41.58,2
07f26d95-c4ca-4a43-9d81-27577b77cc94,61ad94c8-6a18-4b1c-93d8-10e9acc13d24,2024-03-27,Product Feature,32.01,2
72816ac1-e02b-4b91-9aa1-8b4d4a4e39fe,186c600e-22a2-46d4-aed8-ddc0e4cd9c12,2024-01-13,Technical,34.9,1
2c08aba1-73b5-456a-9ce9-1dc2e051bd53,a62e154e-e908-419d-aae1-a75bcdceccb2,2024-02-01,Technical,8.08,1
5ff0067d-a88b-4ed5-848c-7fccf7b91cd6,ea6fb0f7-21ac-419b-886e-d83a5c296076,2024-03-12,Billing,42.51,5
cc269598-61e1-4712-b410-7645c06b0a93,ffc99be4-2d20-4eaf-b787-bc69e7387232,2024-03-24,Product Feature,8.85,4
48aec619-afe3-41c5-8b6f-eb9b27da6e27,f155465a-44eb-4db1-a5cf-fcfc2cc44484,2024-01-17,Technical,11.47,2
12c22249-257d-4933-bb15-5f5d6374e965,ff888699-b956-4f9e-816b-ca590ffd6371,2024-02-08,Technical,7.02,4
fbd6aa53-c4b6-43dd-b48f-71c94d0eaa12,de4e3795-7f04-4dcf-b01b-631953764240,2024-03-13,Technical,21.7,1
57f776f7-ece8-4205-8714-43579b0d8d47,de88308b-1d55-41a1-8d51-cc938d50bfde,2024-02-22,Technical,42.72,1
b85541cc-549a-4725-99bc-ca72b1305586,f95d961b-7a6f-4dbb-b22d-636962028e62,2024-02-27,Technical,12.87,5
8d4bd593-6380-41a1-b469-5a2d317899a7,0050555c-4baf-45a9-9c76-91a0593d9da9,2024-01-11,Technical,18.57,3
388df407-7310-4ea1-a9d3-ddd030188f00,f17065a9-a5e9-4054-aaf0-74006ae50b46,2024-03-22,Product Feature,40.77,1
0b753b3c-1189-4416-970b-3958030e15ac,e002d05c-2b86-4383-bc82-11508ee3f286,2024-03-05,Product Feature,30.04,2
d85d71c5-d293-48cc-b1c2-063b68807061,aa99b759-0f40-492a-be07-293bcb0fd92f,2024-01-27,Technical,36.33,5
228f6ece-cd9b-4833-b809-96a38a3c79f7,d10b40f5-5777-445e-b4f8-2452a3fa11af,2024-01-19,Technical,11.06,3
0116f228-c7c3-4dba-90c9-b6b86360fc1c,f74802bf-6917-4276-b29f-514e2c43e69b,2024-02-17,Billing,34.68,5
d528d3ac-0696-4194-9d46-e218e6ca07d8,cbd11ab7-fe0d-4f7d-9430-bb28a8d284f1,2024-03-10,Product Feature,11.7,1
94921352-435a-47ad-acd0-2981c2c79703,1e7a2475-0886-4039-855d-5d1632aad0f4,2024-01-22,Product Feature,47.4,3
42808e91-5900-40b2-b675-76243165eeb2,4ea8463e-a430-47d8-90e5-2f57b0885547,2024-02-01,Technical,27.31,4
b961aacb-88c1-4eaa-a27c-f1513f79f0bc,33afe775-cb8f-406f-a7d1-7c8a311bfdfd,2024-03-09,Product Feature,33.7,3
a5081c8d-e3c8-4667-83f2-204193c6d7b9,2fddd608-4438-4998-b590-ec1418e4c90e,2024-02-24,Product Feature,6.56,2
8f10e957-1048-4af8-a906-9be0607cf3ce,16b38b3a-d55d-4656-a986-be4b00b8ba89,2024-03-12,Billing,12.78,4
0ffeee82-bf6c-464e-93f1-912096ac3d04,3dcbe47a-dd06-49ad-8ee3-ce8fa38b2d23,2024-02-27,Billing,7.57,4
ed75393b-4682-4029-affd-43c3af00b48b,a8001f07-a5bb-4fd3-8746-302d870c2757,2024-01-06,Product Feature,19.34,2
4ad3f4e4-885f-410f-a11a-cc68e7a711c3,aee8efc9-9895-43cc-8288-ad942bcd3738,2024-01-01,Product Feature,14.35,4
eed057b7-f95e-41ed-9a2e-a49afd9fe8e0,e8a74ab0-fef0-4125-bcce-37b358ef5c14,2024-02-29,Product Feature,35.45,1
c5487991-f0dd-429f-a516-84a05bf7a8b2,50441573-ef1d-41ab-9b23-4881ceb48745,2024-03-20,Technical,6.11,3
ffc7a622-25c3-47f5-8701-9170fbeadd2a,edf90d3b-a609-46d7-8365-b57253bd35d1,2024-02-07,Billing,36.35,3
ae7db581-12ed-48a9-98f9-9f42f31bc77e,4b68b986-4daf-4b5d-8448-f2cd7f278f46,2024-03-24,Technical,3.15,2
6731ab3a-a1e4-4824-84d4-49016ea3f347,cfa13661-42e0-4f92-84df-9a7350d1b65d,2024-01-22,Billing,10.49,1
260f7352-89af-4633-a13a-7fbe5560961f,0a1ee921-0a29-4c89-8047-f139f2ab4b2a,2024-01-01,Billing,38.22,4
16f7d33e-209d-4260-a54f-3ea2de45070d,ed2aed15-a2d2-41dd-bd35-cc807636b563,2024-01-08,Billing,35.91,3
f4698b9a-ec7c-4a84-ba4f-4dfb7af7d0fc,5361a714-36a1-4ad4-bf9f-27cca6906312,2024-03-02,Product Feature,23.39,3
543549e6-fb34-426e-8e68-44bd0e893c82,90bb03c1-85ad-488a-b793-53776172d237,2024-02-04,Billing,3.35,3
e1367506-d413-4427-a7d3-9d2b863f4b3d,24bb3971-9e38-48ae-9b42-9f53a449cc4b,2024-03-17,Technical,29.67,3
e99b886b-5db4-4bbc-913b-6f954b060b77,3f0bab7f-609d-452a-a2bd-cf866a487247,2024-02-02,Billing,20.12,5
73f08808-5472-4c00-926c-93fc05b6c2ae,88a2e7c7-abf8-4af7-ba48-bbe9f7f5b473,2024-03-28,Technical,15.88,2
5001e7cd-35bc-4ac1-857a-c772a4bc5bc6,b99f797e-2860-4a6a-afe5-20d033756372,2024-02-18,Billing,31.1,4
4556adbb-c3da-4093-bc31-8460ede0c196,4cf39ed1-2316-4a4d-bab2-54fe18cb3ced,2024-02-14,Billing,21.52,4
7430fce4-c0e9-4f8f-9b09-bd57daaf55ea,b58dfdac-776d-45a8-a0fd-a592b38b1da8,2024-03-21,Product Feature,5.34,2
43c126f1-6f77-4966-915e-0cde69328f07,d7c9ceaf-d609-45b7-836b-7c0ec294dfb1,2024-01-28,Technical,44.05,1
b5600666-080c-44ff-bb72-a3e267ddbd48,e70dd736-e5ad-45ae-b821-769ac81f3e18,2024-03-15,Billing,37.59,2
5ac1446e-2273-4265-8a6a-4ec3f66df4a1,ff29aaab-cf57-4265-9a76-80446497be18,2024-03-06,Billing,3.65,3
ea292d96-69f1-44e8-bd38-aeab8f53eafd,167f1806-b5cf-4132-a2a2-557edc8a9998,2024-02-06,Technical,25.68,3
e2066757-1443-4e96-873a-2eb630599f9c,978db4ba-198d-470b-9014-9b2527075e62,2024-01-06,Billing,4.92,2
a0ade4d3-3d4e-437c-9585-0a32e2aa1752,27aeca1e-6ca1-47b7-af3a-dc6b73b28929,2024-01-21,Product Feature,40.35,2
383fd258-d3b4-45bb-9884-9d11fab646b9,70f76124-adba-4d38-8141-226fb219a6cc,2024-03-09,Technical,29.81,4
660e7932-67bb-4fa6-abdd-0e0ed50ce15f,086d0297-47f7-433b-9382-8158d453abb5,2024-03-13,Product Feature,9.11,4
8ad6d7c3-10a0-4c16-bd15-18ce8a9b8862,c9a94f01-ab03-4c5c-acd5-a742677834fa,2024-01-09,Technical,1.97,5
f6585d1b-87eb-4c7d-af25-09f992ea2bfc,dccf8899-e005-4e5f-abce-83582aee3460,2024-02-08,Technical,2.48,5
aa2c46eb-779a-4f1d-b8b4-67b9370c2366,00207988-da3d-43f5-a298-4c2a35862b7c,2024-01-12,Technical,24.85,3
3c6e2c2c-de23-48dd-aee1-b2195440f777,9ed98b55-134a-42d6-9ff2-e0be5c01a824,2024-02-20,Billing,35.52,5
7633df27-e5c5-46c7-80d0-36bdcbde19f9,35c8edff-b732-49e5-927a-230e7eebaa44,2024-03-30,Technical,6.68,5
8a42ffa7-38f5-483f-b58d-736400cfd13f,60429018-6c67-434d-aac8-8c023be3d23a,2024-01-16,Technical,11.4,1
3d25b172-138a-43ff-94b0-7661e7ed18c8,750153d9-7056-4219-a037-4e4d0a75056f,2024-01-18,Technical,16.38,2
d4375657-8b42-45cd-811b-5adecdf57d38,cfa13661-42e0-4f92-84df-9a7350d1b65d,2024-03-12,Product Feature,11.25,4
2a06ba3a-35ab-47d1-aa3b-da9f1270f8a3,41d0b626-7c97-4b26-85fe-20cefb08c6e2,2024-02-05,Technical,19.39,5
4d83bf9f-a7c0-47c7-be82-00f4599f287a,0dbe61c8-9407-4212-8e9e-dee45d950f0b,2024-02-25,Billing,27.3,4
1d1da073-3162-4a2d-8ee1-2e2dc81a184c,17f31303-96d5-4658-a797-f349d1045c66,2024-01-27,Technical,33.19,5
e8d01a21-f6a4-43c4-94de-e5d2ec1a01be,65a4d4be-3141-46e0-8eff-d60a54e23b0a,2024-03-19,Technical,46.3,5
5a2fc595-190f-4143-8610-9cb33aa6d1c5,36732d1d-6db6-47a2-9b51-d237c91a32b1,2024-03-05,Product Feature,44.75,3
46bc5f2a-bac4-4982-811c-e921f0b52d0a,54cac78b-1cd2-4b7a-b012-b6b2e2adb653,2024-02-10,Billing,27.8,1
3c0fcc5a-6d89-4c03-ad5a-0bb097fe38a3,238cf77e-2fbc-40cb-bfad-35f32a90e7ef,2024-03-28,Billing,35.51,2
6f331b2f-be85-4baa-8198-8349ebb72be2,0dbe61c8-9407-4212-8e9e-dee45d950f0b,2024-02-13,Billing,45.69,2
99a28902-5342-4a23-9d2e-33d18ae27c16,20d834a4-f7cd-47f0-b951-84af20b8f1f0,2024-03-22,Technical,4.92,3
cdc1dabc-acdb-49c4-8c7e-f93e68a98a6e,4844dbc4-832c-4d11-a60a-62b1f2ddeac3,2024-02-03,Technical,1.26,3
e684a547-a22d-4db3-ac79-b28ab26fe006,2b5489c5-93ae-48cc-8cea-c2d9b72cd903,2024-03-31,Billing,2.4,2
cc3de621-f688-41af-bbec-e2d06cc2d4c5,85d8a3f8-3db4-4b35-adf8-62561cbfb3c0,2024-02-27,Billing,27.48,2
6b8afca6-53a9-43fd-8bdf-890e417209b1,50441573-ef1d-41ab-9b23-4881ceb48745,2024-02-04,Product Feature,36.85,1
a32509b8-52ac-4e7c-bb77-d63e613db350,32552244-6081-4286-ac24-e964ff9f7638,2024-02-01,Billing,18.25,5
4bab82e7-1403-4791-a959-f501af54358b,3cc9d344-42ca-4fed-b3f8-affeefe79732,2024-03-25,Technical,26.63,1
2c8f3bc9-7662-443a-ad93-bbdfd742c21e,93ba7d93-e334-4de6-8698-b2960ea90409,2024-02-11,Technical,25.27,2
8c0b38e1-96b8-4277-bd74-f69c6705768e,b1830c2b-7be8-4448-8561-422c57cbbb6f,2024-02-13,Technical,5.45,5
16004f03-2f30-4546-b434-6c6c20d8b5df,5a31878a-ed1e-428e-99f4-8cbfc4fba08c,2024-01-27,Product Feature,16.11,2
0490607a-55b0-4b5f-86be-268f368a402e,e46653cc-6c33-459b-8c7f-2ff4f3e6fe5a,2024-02-28,Billing,1.91,1
9f112753-3ba1-4fd1-94f9-f47a6e445de3,6186415a-a8fb-4e35-bf1a-52715b6d5b3e,2024-03-17,Technical,6.2,1
39d8de7b-b836-4acb-8865-aae7cdd1c4c5,516cb53a-e872-4224-bada-0065f61fed41,2024-02-12,Product Feature,39.16,1
b78dd655-1f8a-4360-81fe-6c64a576fb82,352f7418-5c81-441b-ae4b-008caf13eae0,2024-01-03,Product Feature,39.98,5
19e2715f-d4b1-4783-aef6-95cfa5f9e1fb,6af67ab0-fc1c-4863-be57-7b96c4f6e3ff,2024-03-29,Technical,38.69,4
3b46a99b-1eff-42d4-bb6d-bea502e7b582,e8199bae-23b5-4f3c-9c62-3fe7e898ea92,2024-01-18,Product Feature,35.16,4
85caa597-9e86-43b7-a2ef-d1bf61950b2c,5ced339b-e5dc-4c06-bba8-5abade567e16,2024-03-23,Product Feature,38.29,2
4f0e7d69-5c67-478f-a2b5-fe2877ee4ff3,fcb8903f-ffa8-4e13-a9ee-7a104bb1a141,2024-01-01,Technical,32.54,5
3420c640-b78f-4ef8-8c9d-a42471a4b1b7,1819803e-63cc-4fa1-bcdc-7a1b72a1226e,2024-03-18,Product Feature,32.48,3
81d073e5-0ebe-4d29-9dde-9188f7641efc,4086f94d-cf8e-4106-90b8-33c20dc172cd,2024-03-01,Technical,32.37,4
49a3e36b-42ad-44aa-9bff-f0f23a4a1188,9ed98b55-134a-42d6-9ff2-e0be5c01a824,2024-01-01,Technical,25.16,5
7789846e-d6fb-4607-85b4-511a22f7fced,c99e2e83-b062-462f-9093-563af70bda42,2024-01-02,Product Feature,18.08,5
01771233-1a24-4189-a909-277c8f8dca75,4c5a2f32-f031-426c-8dc1-996329bc5abe,2024-03-27,Technical,35.32,4
3abb48a1-5598-4c6c-a8f1-1baa47ee63fb,4844dbc4-832c-4d11-a60a-62b1f2ddeac3,2024-01-23,Technical,15.04,5
3d6fb4df-8405-47c1-b215-5403012c4bd1,085084bc-d2ed-4e35-8374-526db52e8e9d,2024-02-22,Billing,26.52,5
bb9fecb3-8309-4ba4-9ba8-315a879a1766,099adf95-da0b-42cf-9f52-9ded33216ea4,2024-03-12,Technical,21.37,4
b24d7baa-aa96-4b6a-84fa-a5e0e48c46a2,f95d961b-7a6f-4dbb-b22d-636962028e62,2024-03-30,Billing,14,1
3566fe1e-1fa4-4b77-9d02-d0b2079862f6,3d1ba46b-abb1-4313-b3c4-69490e84cde9,2024-03-31,Billing,46.81,2
52542ec5-dc22-484b-90c8-0ff051f61dba,49cf1c24-20a2-440c-97f6-44d9c353e95f,2024-03-03,Billing,13.16,3
f9af6295-a508-471f-8a49-c0aeb0ca7b9a,ff1294b2-ba61-462b-ae55-d108c5d28c8d,2024-02-20,Billing,15.54,2
797d7896-5f55-4d80-8b96-7c76b786b397,e70dd736-e5ad-45ae-b821-769ac81f3e18,2024-03-09,Product Feature,8.59,1
d8c9d647-983c-4952-aefe-4742866a2c94,4844dbc4-832c-4d11-a60a-62b1f2ddeac3,2024-01-11,Product Feature,39.68,1
61fba61f-cc44-4454-b344-3cd95f1a51ab,91c49acd-d210-483b-8035-da45356b8d37,2024-03-24,Technical,28.57,5
29b783de-598c-43f9-9e85-943542275209,223199b7-fe9b-4867-8cfb-99797a14c4e0,2024-03-24,Technical,29.81,2
67bff0db-3905-49f3-a921-625a147ccc6b,20298690-cef9-42d8-8284-e5413a7c1c5a,2024-01-10,Technical,39.57,1
975948ee-bce4-42e3-8f91-e6662f7184aa,99616492-cbe7-402a-95fb-f633fac4ec4b,2024-03-09,Product Feature,17.12,2
67c92fb6-b55c-4b68-8b19-113093796e81,d7c9ceaf-d609-45b7-836b-7c0ec294dfb1,2024-01-04,Billing,10.1,1
3f92e7ee-8b3a-4f12-a95b-b3856375faba,4d552037-746e-4142-a2c3-4b408369e9f9,2024-03-26,Product Feature,10.33,3
7c0da039-045b-4cb9-ab62-a7048fbf3f65,d016ee83-d2fd-4768-af21-91370b098eae,2024-02-26,Product Feature,35.43,1
b0daf3ab-99ea-4577-a84d-c6a608782d98,1f0e4c7b-7398-4384-be63-c5565475f0ea,2024-03-27,Technical,29.86,2
343d3c1e-52ce-4ef6-bc13-0c8ccf8fb03a,0acc8eb1-7064-43d4-bdf9-8164f5b9b046,2024-01-16,Technical,10.7,5
bf63082a-0396-4b8a-8ebe-9b93af654617,ca4dd150-5bc2-4ca6-bd34-f1c04e5a87af,2024-02-15,Technical,7.82,2
6f96443c-6d4b-4667-b437-cd3dc030a5d2,24d7cfe3-19e1-4c6d-9a08-b8a403dff569,2024-02-18,Billing,6.67,4
6050d3c5-b7cd-48cf-a552-e896159d3bf6,476ce902-95e8-4817-89d9-7034a28fdffa,2024-03-17,Billing,30.51,2
7374e86e-f89a-435b-b507-7fd5273ceea7,b99f797e-2860-4a6a-afe5-20d033756372,2024-02-15,Product Feature,1.01,3
135b1b76-d58f-4df0-8d8b-852d36137f28,f509b7f5-df07-4b29-b36f-6443f313dd26,2024-02-19,Billing,1.86,3
ef1b75e1-a001-40e5-a889-66ac4f570ddf,25d3e60f-edcc-4b11-8780-e6eb81d75abc,2024-01-23,Technical,19.31,3
a58879c6-ead1-4b82-a5a2-0232e71d8a6f,c42d492b-cf84-4449-84a4-6f9bc67daef6,2024-03-30,Billing,33.49,1
0241c788-a7e4-4531-a072-a813bf71c53e,4339b71f-4e0d-4ec7-a320-dadb99fbf637,2024-01-02,Billing,33.67,3
917bd1a6-a776-421e-8467-475e777bf8c6,1ebefc98-4cf1-42bc-9517-3a7e2854314a,2024-01-16,Billing,21.22,2
58b48c82-7960-418e-89cc-533ecee06ff3,44aaafd7-ca3c-4dd6-9ae0-52f572f60952,2024-02-29,Billing,33.48,5
2517fed8-d6d6-4b2f-821c-c03c56eb6509,4cc07676-27f6-44e2-a022-2a794bd5b345,2024-02-17,Technical,25.49,3
1b5e3cbe-8f8a-491e-beb4-e1b8df4467a3,59550c46-476f-4052-9ffe-46a3874804ef,2024-01-25,Technical,46.92,2
4864f507-8683-4c42-8cf6-8282beb45a2c,5f431c9e-fe90-4201-bb9c-641f8d1f6dc6,2024-02-26,Product Feature,8.64,1
62e3fcfc-e241-471e-b5d0-81cada55a07e,c9a94f01-ab03-4c5c-acd5-a742677834fa,2024-01-02,Product Feature,29.23,1
5c9970fb-7f2c-443c-a409-635e540442d5,6e4ae58b-0d1f-4e63-9b6d-7be3cb03d7f9,2024-01-29,Product Feature,24.09,5
ed946409-1d7a-4a35-af3e-cadb3be8fc40,3d1ba46b-abb1-4313-b3c4-69490e84cde9,2024-01-03,Billing,10.14,5
1d5c7b4f-aef0-422c-b44a-9c28fac80bdc,36f835d0-40a4-4b58-87a1-75a39277f46a,2024-02-05,Billing,36.25,2
51ad6968-922c-4cee-baae-1a9525fcae24,da3e6864-e4d6-444f-8ba8-e59d61259065,2024-03-28,Technical,13.95,5
80517f7a-229a-4ffa-b39e-8f3a749e68c4,3dcbe47a-dd06-49ad-8ee3-ce8fa38b2d23,2024-03-31,Product Feature,18.94,5
26f587fd-c875-4be0-bd68-85355d65d671,54b7a578-2bed-4fe9-9ee9-cd342e7997bb,2024-02-15,Technical,18.62,1
0d43481c-2741-4661-89b4-b87422aed4a1,b25975a4-5ebd-4668-9e9a-ab1dc31207fb,2024-01-25,Product Feature,12.48,2
a8923eb3-77fb-4946-8b63-88e35e630c39,5a26ea18-3a2b-4035-bc1b-2f901ffefa45,2024-01-12,Product Feature,21.24,5
4259a7c0-1c17-497e-8b53-c826ce40d928,2b5489c5-93ae-48cc-8cea-c2d9b72cd903,2024-03-19,Product Feature,23.25,2
0a246b7f-d16d-4a2d-9e3a-6d5befa9284b,94acfcee-13de-418e-a9ff-c0e4eab72ade,2024-03-21,Billing,35.98,3
1d78a52b-dcde-4f19-8b40-049d05b4b1f2,e70dd736-e5ad-45ae-b821-769ac81f3e18,2024-02-08,Product Feature,36.96,1
7952b8cb-d8cc-4f5b-8c58-aa7be07d7ffe,d7ff7103-3e93-40d6-9fdd-bec39c09ab56,2024-01-29,Product Feature,8.45,1
4d4e43dc-d74e-4305-a5f5-b430055c4962,39586d83-4bbe-4e85-a9a7-2aa45c348c65,2024-01-30,Billing,28.86,1
5a39819b-4a0c-45e0-9573-941d15c7fb3f,0670c849-260d-4bd0-be9f-21f192959e68,2024-03-04,Product Feature,43.12,4
9e4a30c6-e4b2-4794-8e5e-03fc5e667d70,ea6fb0f7-21ac-419b-886e-d83a5c296076,2024-02-16,Billing,6.11,2
be940331-14a8-4de6-8184-a3b4e93ebfe9,7419fcad-01df-4304-a8ad-487f1aa1ae64,2024-01-05,Billing,23.23,3
e5d97662-926e-4482-8703-1a9ef5ddf1e5,faf24cd8-178b-46c7-bbee-829fa20ee82a,2024-02-05,Technical,36.27,5
52d2b9eb-baf1-4712-bed9-2832099be7b1,02b25e1c-254f-4cee-a523-8028b476baca,2024-03-04,Billing,29.74,3
836501f4-c9f2-47d6-9c13-4c0e3c9a7401,50dc8e6a-66be-40c3-b080-3172418fdebb,2024-03-31,Billing,5.73,2
0ab0a5ef-fa29-420e-b69c-991da8de5bdb,bb95e232-1e36-4959-81e3-1c4b81384eab,2024-03-31,Billing,19.64,1
d3216203-c4ae-43ff-b11e-c501585725b1,a42fcfba-edf9-4493-bf56-44bf71f1b0b7,2024-03-18,Product Feature,24.84,4
a59daf55-68cc-4b81-ad19-a7ec1d974d6b,1c16d8fc-f660-4c12-829c-c5db6175b6d8,2024-01-27,Technical,47.8,2
e68581ee-319f-46be-a188-daa7263d1b48,5b992c6f-8a90-411c-90a5-7cca60394c59,2024-01-01,Product Feature,9.39,2
a6b58a63-3e1d-49aa-8328-896cec78a070,762ebcaa-de76-415f-9289-a0d280d4270d,2024-01-26,Billing,47.17,5
e8e695c4-dba0-4597-b279-b7cf4ab162ba,b91eb521-6ac5-47ff-bbd7-dc1cd5149c0c,2024-03-22,Billing,18.68,3
d4c1e0b3-b270-43af-bf97-26032b353aae,fa7a807e-7023-4d17-8d5e-52ea763dd58b,2024-02-20,Technical,10.42,3
f27b0ebf-994c-4569-a416-a343df0f1151,85d8a3f8-3db4-4b35-adf8-62561cbfb3c0,2024-01-15,Technical,20.46,5
f4737fb8-a652-4837-afa1-40fc2224dda6,94acfcee-13de-418e-a9ff-c0e4eab72ade,2024-02-05,Billing,29.86,4
e3732dea-2d9f-4a9e-a170-74eedb733059,f23cd007-6a56-4c0d-bfde-3f2eb08df912,2024-03-13,Billing,11.03,1
cc7456a0-3b74-4a0c-bbcd-4dfff917edd7,cbfefdbc-11d0-4c9e-bc08-9481c96e4440,2024-03-05,Product Feature,14.7,1
fc383ad1-b7a6-4558-902b-0b778031d75e,0ae4049b-aa39-46ec-9469-7e7659e2cb63,2024-03-04,Billing,41.16,4
703c7ebb-12ec-4ab2-82ab-9f15eee04603,4e5e5d9e-c0b1-415f-87ed-9ea495065c24,2024-01-22,Product Feature,47.95,5
869dadb8-2931-4f82-bb57-11a42db8c3b0,754d6947-0d5f-44e0-b4db-451b14e530aa,2024-03-11,Technical,15.95,2
9d2ee716-edba-4009-9ae1-a7a3f4e84c64,ff1294b2-ba61-462b-ae55-d108c5d28c8d,2024-01-25,Product Feature,8,3
51a63fff-d114-4c4e-af44-82edfdeb1c3b,4b68b986-4daf-4b5d-8448-f2cd7f278f46,2024-03-25,Billing,38.28,2
4daa12c6-19ff-4702-9ddb-8e9734df549a,f255a341-30a4-4d3b-9bc2-7c0aced48802,2024-03-13,Product Feature,29.22,3
68b38503-e056-423b-9a87-422219d81a71,f17065a9-a5e9-4054-aaf0-74006ae50b46,2024-03-27,Product Feature,5.72,2
af3c0d4d-f91a-4fe5-be89-3ebb2746c1a0,7190e124-10c6-4444-bd14-74434bbfc61c,2024-03-28,Technical,45.5,5
d188e30d-853a-4428-a446-ac85d83b4a73,579dd5dd-4bc7-48cc-8e56-afd590fce178,2024-03-18,Product Feature,4.67,5
63019bb2-1124-492a-a318-2979c78139ad,1c16d8fc-f660-4c12-829c-c5db6175b6d8,2024-03-13,Billing,30.39,4
484ce0f1-58b2-40a8-927a-f3f43141bd6f,deae79f9-0c1c-48f7-9eaa-b0104ae33a42,2024-01-23,Product Feature,20.93,2
b78e416d-0237-4457-bea2-c00334859a20,085084bc-d2ed-4e35-8374-526db52e8e9d,2024-01-09,Product Feature,27.16,2
e6c26d09-82cf-4c48-88b1-69042aa19817,947eab59-0103-4929-ac15-ecb2b82e30e9,2024-03-16,Product Feature,11.02,4
cbeec60c-8ed2-41c0-92ff-83f811bb083d,b539ddb8-a374-48b1-9105-65ce4444accb,2024-01-17,Billing,33.34,4
f333e3cf-1b7d-4a5d-947c-41054fff80a4,f155465a-44eb-4db1-a5cf-fcfc2cc44484,2024-01-09,Product Feature,46.11,5
c7a1e19d-4598-4302-9f35-ec294081f667,3710087b-ccd3-42b0-a065-257c8520f222,2024-01-17,Billing,22.55,5
96c00c06-87e8-45b2-9ed4-30c9f26f38bc,81c42e62-0477-4224-8afe-9a49950a229d,2024-02-03,Product Feature,25.58,2
38f49d4e-93f5-497f-96b7-a80eb3e85023,81d135d4-a2e2-4490-8025-42db1075bd0e,2024-03-13,Technical,12.27,5
c64615af-85fa-4d96-8326-a805af087fab,e001a706-b158-424c-8743-f469e0314cb4,2024-01-30,Technical,42.92,5
f7851886-cd78-49c5-9392-693c30d2c604,e46df74c-7f2b-43e3-8d22-10fee719080c,2024-03-07,Technical,46.65,2
5a5e7489-7ff1-4eb2-94f9-907d7ed803dd,0db1effe-7591-4c79-916f-3296986dba5c,2024-02-05,Billing,37.96,4
f7b02389-2225-4786-b140-4a291e2fea46,1add3ca1-6916-4312-86ee-1ab54b35b4db,2024-01-25,Billing,26.51,2
d174d1db-1807-43a5-8f9e-1d2ed0899403,a3fcb176-4d9a-40c9-bd91-2233af8ad45c,2024-03-27,Billing,45.97,1
67622788-0fb8-439f-9643-f7fbb094aee7,f17d87c0-c59e-4615-8366-4d25ff6b057c,2024-01-03,Product Feature,8.23,2
b354559c-d495-4abc-81a9-78e77f8dc9f2,6186415a-a8fb-4e35-bf1a-52715b6d5b3e,2024-03-29,Billing,23.49,1
156cdde7-6b0e-4d13-a993-a05ef45ed638,3d9b321d-b2c1-4814-9a7c-1b2581578997,2024-03-27,Billing,26.27,2
6f3cd879-6c7f-4531-8fc0-b86319cb3464,e1dfa02b-0698-4b30-9e95-bc335064bdbf,2024-03-09,Billing,24.12,1
1bd10d43-d19e-40d3-8834-bee810b463cd,bdbe44aa-6b3a-44b5-b751-d09e75fc6987,2024-03-19,Billing,38.71,1
b94d5d2c-37a9-43ba-bfcb-20af7f0a0ff7,8ab6f095-2843-42e2-b0ba-020c4b3e8ab2,2024-02-02,Technical,32.51,2
e678cf48-3710-4547-bfa5-911158e5c717,3fda53f6-b99e-443d-9bba-394a51b65ffa,2024-03-28,Product Feature,6.95,5
76e594ac-6c72-4c55-b867-1868e9f3fcbf,2a0ae064-2072-4808-8582-0f24efd40bae,2024-03-12,Technical,17.28,3
ff35c887-c74b-4ebc-93fe-6c2ee68e66d7,39586d83-4bbe-4e85-a9a7-2aa45c348c65,2024-02-28,Product Feature,16.94,5
c31cf02b-8912-4f1a-8176-899737ced299,8820655f-afd6-4b9b-977b-c39bd0ea0413,2024-01-01,Product Feature,27.58,1
def56725-52b7-43de-9549-ec69681d31f7,673700c1-f66d-483a-a0da-ab25790052f3,2024-02-24,Technical,14.7,2
c79ddde2-a822-4bfd-933b-02ab99ce8902,0acc8eb1-7064-43d4-bdf9-8164f5b9b046,2024-03-23,Billing,6.51,2
6e8a177b-c0c6-4ca8-80b9-d1946b1f748a,571376a1-37eb-4f39-bc4e-8fec129f92c2,2024-03-27,Technical,31.72,2
edbe2d55-6d14-4093-8a79-8f40dd8c2f53,0db1effe-7591-4c79-916f-3296986dba5c,2024-03-24,Product Feature,41,2
7b4b409b-d8e8-4f8b-86f6-a8d134d9458d,ff1294b2-ba61-462b-ae55-d108c5d28c8d,2024-01-07,Product Feature,44.79,3
dbd5293d-4615-4042-951b-b61f49343d32,70f76124-adba-4d38-8141-226fb219a6cc,2024-02-11,Billing,46.71,4
d19ff3f1-36c7-4421-aa78-644cc0eef6b2,bbcd0c2d-4552-41db-9e76-20a1655d028f,2024-02-25,Technical,37.71,1
3c5cbf7f-fa74-4c10-8b08-9ed0be12df26,167f1806-b5cf-4132-a2a2-557edc8a9998,2024-02-22,Product Feature,7.57,3
7020c0d1-7893-42ba-ad94-e0aed2bfd977,f17065a9-a5e9-4054-aaf0-74006ae50b46,2024-02-05,Technical,41.1,5
c2824fed-355d-4c1c-b82b-26f75ed96064,21061613-7c0a-4baa-ac77-89491153ef5f,2024-01-16,Billing,19.8,4
e975ff24-c882-434d-a183-b7d9c41721cc,49cf1c24-20a2-440c-97f6-44d9c353e95f,2024-03-28,Billing,35.31,4
0e29f5f4-76f4-48f4-a004-af2f626608a7,ee117e6d-e1ff-41a5-9346-58e514ac002e,2024-03-07,Product Feature,25.97,2
3420dbc2-9ede-4964-bb55-43feba75a77b,aa9a5151-3bac-4c1d-90e7-d1c3fa1b5c00,2024-02-29,Billing,39.94,3
3e59b5bd-9a6f-4ca3-bf27-f0e8f28cfed8,307714de-b9de-4543-a999-bd9192265b9e,2024-03-04,Product Feature,21,5
1fb3bae9-0234-49cd-a41d-9e56c64cd5ed,81d135d4-a2e2-4490-8025-42db1075bd0e,2024-02-16,Product Feature,3.9,2
f0afef6d-c60d-4fc4-8343-c3108fe43ec9,5d7faa5c-b0a4-4321-b14a-1aa3b133ca59,2024-03-07,Billing,27.17,2
90064d6c-c7e3-48fd-8c65-a63975029973,1ebefc98-4cf1-42bc-9517-3a7e2854314a,2024-01-06,Billing,9.05,1
8adab4a8-c6b0-47bf-88b5-44f469f30883,d9daa547-c8f2-4f76-ae48-85d207cfc049,2024-01-29,Technical,46.38,4
8bde369f-41f9-48fd-a77b-bb5173d63a7d,b833ba14-c993-4e95-b7cb-9428978426b1,2024-01-07,Technical,25.77,5
69a8f150-7963-482c-aaaa-b9f228299589,89cdbf24-b521-465c-9316-a03ec435c8d3,2024-02-05,Product Feature,27.02,4
cf3e6c04-6fd6-4ecb-a0a6-f6dfe5385498,0a108a8d-6c7e-4393-a5d5-0e3825c33222,2024-02-23,Technical,43.64,3
f11ecff7-81da-4f85-b0cf-8df22300724e,43d8f8b0-4bd2-4db3-bfa8-e091c58f2b53,2024-03-09,Product Feature,30.36,1
775a8b74-2bfd-43ff-9463-f32928ab2c52,24d7cfe3-19e1-4c6d-9a08-b8a403dff569,2024-02-27,Billing,15.23,2
c381d7ee-c746-4e4e-9749-2701a7cafb15,cd55ed4d-a2c3-436f-98bc-6da6bdcccd7c,2024-02-10,Billing,14.92,1
a27053b7-6006-4c6a-9aa2-46a955e8d170,2099de82-e67b-433e-844e-b3e593815b5c,2024-01-01,Technical,24.57,2
4ef7d1a0-3996-439b-abb7-8dce6ab95265,503bc695-e040-462b-9875-afd6f40e8582,2024-02-20,Product Feature,41.73,1
462d573f-605b-4446-b14c-3cb8288db0c6,6a7eb539-dbaa-4698-a389-4db00485be67,2024-01-25,Product Feature,38.35,2
21766e30-cf94-4265-8958-c2be16efe690,195ba982-33aa-472d-9b48-1b97aa389d87,2024-02-12,Technical,46.25,4
2ad03dcd-66fa-40cf-80c1-912a4ef4f0ea,89cdbf24-b521-465c-9316-a03ec435c8d3,2024-01-11,Product Feature,4.38,4
f70e13bd-86a0-439d-8aeb-4d5140107cfa,a3069a9b-56cd-4ded-9c4e-39cdd6f87630,2024-03-14,Product Feature,13.61,4
30e06d40-dee1-4939-a231-2e94ce379f63,9e4e55b8-da77-4a61-bb1f-24aed38a9f37,2024-01-04,Billing,4.77,4
6804e0a5-a544-4c30-880f-fad288537955,39586d83-4bbe-4e85-a9a7-2aa45c348c65,2024-01-29,Product Feature,36.3,1
5ee48d93-9529-4c54-b728-79919b4de7a5,0cf22333-b7d9-45ac-b33c-07e8d614ca37,2024-03-29,Product Feature,7.62,2
7eca1c3f-913d-4b65-8cd9-29e3be14d0a0,3910ee2e-8293-4328-ad64-bd9adf66a043,2024-02-24,Product Feature,5.69,4
b9a8df2a-9574-46a2-ae8f-526da2f90b61,e86af8d2-762c-4947-a8aa-3b826ba788b3,2024-01-10,Technical,27.4,1
333501db-c913-455d-8218-50bbdcc85adb,9e4e55b8-da77-4a61-bb1f-24aed38a9f37,2024-02-01,Technical,20.34,2
5ecfe613-38ee-4c25-ac09-b6773834ba1a,17f31303-96d5-4658-a797-f349d1045c66,2024-01-26,Technical,34.61,1
edb6b6ee-3bbf-491d-933d-a8973e01f6b0,02cee621-5b1b-4e36-8c61-0c39d5d144da,2024-01-22,Product Feature,23.89,4
91eda978-5519-45cc-ab39-dca6579a46fa,54478c5e-dcd4-4aa6-9e30-2f21dde0959a,2024-02-12,Product Feature,20.99,3
d96d7430-5d6f-43a8-9aa6-a3c1af601e6e,4233607c-0979-4a3d-8f0b-2a403db733b7,2024-02-09,Technical,21,1
f4c7b082-22a7-45a1-acf9-858ba8c83c4d,3a25e245-3c11-403c-9430-a2fa71f51379,2024-01-09,Technical,41.98,4
a940edde-dfea-4f98-83c3-3765e98c2cb9,c2d10d8d-d41a-463b-aa64-22ce6262af58,2024-03-21,Product Feature,19.58,5
c75a0da5-0847-48c0-976b-e2a110d17e18,4fcd5b76-44f0-46c4-894e-9e1ccb857ceb,2024-03-21,Product Feature,16.67,2
fdb4c5be-383e-4258-a093-5a0d7f600aeb,75dfc50d-715a-457e-8172-854d9d937909,2024-01-13,Billing,16.91,4
23c81030-c38f-4370-9c4c-38f2622d9e2a,1add3ca1-6916-4312-86ee-1ab54b35b4db,2024-01-04,Technical,10.24,5
2cf43e6d-7274-4677-a0bf-092182e239c0,ff29aaab-cf57-4265-9a76-80446497be18,2024-03-02,Product Feature,41.45,1
cd9ad565-c13a-41a2-bd55-fff366f6de1c,dda9ef5a-458d-46b7-963e-3bc9b44bd270,2024-02-25,Technical,7.89,1
5787dd14-0252-49b0-8f35-1c857e7a2e45,d2129ff8-8e34-4968-a990-c1f74a2af0a5,2024-01-04,Technical,43.7,5
1aa2a523-2fce-407e-a953-ca2a49d7e498,90bb03c1-85ad-488a-b793-53776172d237,2024-03-16,Technical,14.32,5
edb0012b-6c13-4d6f-aa7f-a0f161085f42,c9d33854-0d00-4e5b-9616-c1c75ee06509,2024-03-21,Billing,43.27,2
9029d668-f531-407e-a134-d8cc7a651025,403540b8-37a4-4546-b62a-d75b0110e574,2024-02-12,Product Feature,38.17,1
529e767a-0a9f-4d83-bffd-870b1ac142e9,1029bd1b-57df-49c6-8345-53fc151284df,2024-02-02,Product Feature,28.35,5
2027eda6-1fff-4935-b0ec-7f3a570e6c5d,9e4e55b8-da77-4a61-bb1f-24aed38a9f37,2024-02-01,Technical,32.47,3
48d463e1-3d79-43c3-af9f-a6014ce18c33,5a26ea18-3a2b-4035-bc1b-2f901ffefa45,2024-01-14,Product Feature,16.31,3
fb89f6a4-0b8a-4b78-b809-931d82e8e636,35c8edff-b732-49e5-927a-230e7eebaa44,2024-03-01,Billing,27.99,5
df34b942-e171-443c-9fd1-bb33c0df901c,41d0b626-7c97-4b26-85fe-20cefb08c6e2,2024-01-31,Technical,14.74,2
a9c7488c-f648-430b-a10a-c9f3f4389cb3,39a37987-5875-4daa-9b05-843c04faf920,2024-02-13,Billing,19.91,1
0900daaa-8093-49eb-9cd5-aee0a75c1830,d44274f1-203b-435d-a4d1-ddbd1494cac5,2024-01-07,Billing,36.94,3
894c51eb-bc4e-4ee2-b354-f299eea29a8e,503bc695-e040-462b-9875-afd6f40e8582,2024-02-12,Product Feature,12.46,5
1de3e7fb-722f-4b9f-b5ed-663a127be7aa,85d8a3f8-3db4-4b35-adf8-62561cbfb3c0,2024-03-07,Product Feature,40.43,5
53b253b3-8723-4675-9a3d-6460091bd2cd,c0c43dfe-1478-4774-a0eb-3d66984fb7de,2024-01-31,Billing,18.67,4
a5315141-8234-4288-a0c8-185270ad1b2b,fd501918-58b3-4d78-92f9-ebc10d455092,2024-01-10,Product Feature,26.01,5
c6a333a3-73a7-4611-acbd-0208304e68e3,16b38b3a-d55d-4656-a986-be4b00b8ba89,2024-03-17,Billing,45.27,2
e6bb38da-b05c-4c70-a199-73a6f85434ea,3f7e4a32-4e15-4925-91a8-c0a641791c2a,2024-03-20,Billing,33.02,3
6172e05e-4e4c-4a8d-a87f-4cd926e4ed3c,3ad98fc5-608a-498b-9e8f-032824bfe75a,2024-02-26,Technical,31.34,4
f0f807d8-72e2-43a2-a0a1-ab88d377f979,ee117e6d-e1ff-41a5-9346-58e514ac002e,2024-01-13,Billing,34.45,3
e166755a-5046-4a6b-8b6f-7935434aa4d1,65a4d4be-3141-46e0-8eff-d60a54e23b0a,2024-03-21,Billing,44.15,3
45a5c305-eab7-4165-8c2e-3e37876fdcce,2988a873-6f28-441e-bafb-f2a096709788,2024-02-27,Product Feature,12.68,2
a89eb357-59ba-406d-951e-2fe2094362c6,6fe8ab8f-7de3-4f38-8a20-dfa605962c09,2024-03-15,Technical,29.82,5
8ed19867-5b5b-4b9e-85d5-af238843624c,4cc07676-27f6-44e2-a022-2a794bd5b345,2024-01-16,Product Feature,19.82,2
566a6784-fbdb-4c89-8bd5-3f1bb7bee3bc,f4aebad9-1a1f-45a2-98ef-90b0d189e7b3,2024-01-11,Technical,1.56,5
4c2e1408-d102-4dba-a5df-f9ed239bd67e,39a37987-5875-4daa-9b05-843c04faf920,2024-01-08,Product Feature,6.89,4
9a26cd16-38c1-4f90-9f57-3d86a4a7c6b6,f8d814b6-46c8-4118-a4c9-29a78e34e93e,2024-01-05,Billing,16.27,2
6db26b6e-b3e8-477b-84d5-73af0a577855,a62e154e-e908-419d-aae1-a75bcdceccb2,2024-02-18,Technical,27.55,2
e0d1218b-7ea7-49ac-b2d6-4b98ae786d47,b330ff40-13aa-4fe1-b843-739ce4929d10,2024-02-10,Technical,42.43,1
f3d65a9c-29b0-4004-be08-5abef280a1dd,996c8852-baab-4b91-b03b-543f89b95a8f,2024-03-29,Technical,38.18,2
43d9c624-d075-4d62-8803-f38a2dfce28c,8f4db454-b1ec-458b-8d06-aa522b1616cd,2024-01-09,Technical,27.01,1
7cf1a04b-16b7-45c4-9b74-b31153ef2da7,3ad98fc5-608a-498b-9e8f-032824bfe75a,2024-01-17,Product Feature,4.47,5
1c6ed5c1-08e7-425e-9c46-447899334891,88a2e7c7-abf8-4af7-ba48-bbe9f7f5b473,2024-01-08,Product Feature,14.44,5
c084915b-613e-4dee-8522-e4629ae538ec,838a400b-1dde-480b-b1d8-a0b81b53b18c,2024-02-26,Technical,18.24,5
49b35820-ba5f-4767-88d7-ddbc11db6e10,40cf6b0c-816c-43d6-b985-4b1ed5edd2a6,2024-01-08,Technical,30.22,1
9f0c8256-4236-455c-8c9c-7ad32d2ab608,a3fcb176-4d9a-40c9-bd91-2233af8ad45c,2024-02-08,Technical,4.05,5
af9c11c9-bb78-4cfd-8b86-d4983e4bf6f1,38bc5f4a-9da9-4c42-9dc9-d7828dfccebe,2024-03-19,Product Feature,25.92,3
b3b932cd-896f-4331-918c-1b74b9248f83,4ea8463e-a430-47d8-90e5-2f57b0885547,2024-03-21,Technical,43.37,2
5871a253-3590-4b25-944f-1eca70022c41,64e34b56-7bad-40ba-bed8-b6a0ed359958,2024-02-25,Technical,34.16,1
ccd4ce62-f8ac-4538-93f3-1f697c5091e8,1dad97a3-14be-456f-a828-2c472916a32f,2024-01-09,Technical,38.46,5
4525fa59-0fd3-4864-b0b1-5bee8a210709,6ae1c525-f668-45b4-95e6-a3fc6ec9e341,2024-01-14,Product Feature,33.04,3
d218d160-bb04-4eeb-8b4d-e06a19f29ebd,02cad84b-4cbf-482b-8eba-7910ae2e115a,2024-03-27,Billing,10.71,2
7c102f89-34e4-4bca-a2d5-2db524aa5a19,b6716e60-4c99-4e92-a849-70bfbce18c37,2024-01-08,Billing,6.19,2
d7affcf5-aeba-450c-b6da-6154246763e5,528b49cd-7d83-49be-beea-2382b54d92da,2024-03-12,Product Feature,39.99,5
f6574d17-85d7-464a-b938-d1f85ea321fc,50e7cd0e-61a8-4c6c-8309-d44d67c16bfe,2024-01-07,Billing,33.69,3
9b694838-19fa-476b-bc65-2754f556329d,16b38b3a-d55d-4656-a986-be4b00b8ba89,2024-02-07,Technical,28.03,1
bb37b524-3c7b-4fd7-95a7-10b1b8a35329,32ef7b70-df54-4324-89ca-20aced16fef6,2024-02-18,Technical,9.9,5
6b684e52-cfef-41e9-8bf6-cd7eebbf54a6,1fa4fed9-94bd-4f64-bb2e-6b6bba526d2c,2024-02-21,Product Feature,29.36,2
e11ab7fb-0574-4e4b-b8f4-9cd17d7e06fc,0a108a8d-6c7e-4393-a5d5-0e3825c33222,2024-01-13,Product Feature,2.47,2
2660bef4-18d8-47f4-810b-cf3e76283872,1835613d-e9b2-4766-bf12-035a142cc146,2024-03-20,Billing,6.59,2
efa3b3af-17d8-460b-958c-53bcc532e49f,0d7d68c9-e4df-4a33-bdb4-51ace99d6f4f,2024-02-22,Billing,15.66,5
47fcdd3f-83cc-4da9-94eb-ae1f8f1b327e,ed28b7fc-35e3-4fe8-bf6a-0ad871495096,2024-01-30,Technical,21.86,4
9d788326-b172-4d02-a5b5-ddd8e409c43e,a13759e7-ebdf-4d6a-89ec-498aabbf3de1,2024-03-17,Product Feature,6.67,4
672b13e6-0951-4cf1-8d07-b85937b72777,de8c3dbd-5fea-4968-9664-71182d3bee6b,2024-03-25,Billing,6.64,4
5a078497-ef0d-4c45-8be8-2eff126c7219,099adf95-da0b-42cf-9f52-9ded33216ea4,2024-03-20,Billing,35.12,3
64c149a6-c31f-44c8-b667-f985ab4c8a10,14ed53b9-6ae5-4de3-a91d-f36c6c23eeef,2024-01-02,Technical,27.78,5
fc97d18c-4579-4e49-9b5e-9904082612c3,0912546f-162a-45e8-807f-6dff6d2e3135,2024-02-28,Technical,26.09,2
5c29169f-4f76-49c9-bdbe-389689f804be,3d1ba46b-abb1-4313-b3c4-69490e84cde9,2024-02-19,Technical,22.26,3
c283f2c5-bd0b-4443-8253-7731d6c58849,91c49acd-d210-483b-8035-da45356b8d37,2024-02-29,Technical,46.9,4
f128b130-506a-418e-80df-e669aa0e0a59,dccf8899-e005-4e5f-abce-83582aee3460,2024-02-24,Billing,3.34,1
b715d2b4-eb0a-4c5f-9cb2-fcad09bf449c,a13759e7-ebdf-4d6a-89ec-498aabbf3de1,2024-03-20,Product Feature,9.49,3
eb6ec7eb-4f64-4cf0-b203-2ceccca085c6,e5f1f4a1-d9fa-43df-ad16-ad2ee679fa1c,2024-03-20,Product Feature,31.43,3
b29184e8-4583-4d05-890f-75fdb4b33efc,3760d7ff-efa6-48f8-b285-9d1aa7cd0904,2024-01-13,Technical,7.41,5
9da0356c-396d-4b9c-bcd7-348e9418e9f3,88612f24-632d-44f6-90e3-f6e88ed0e177,2024-02-13,Technical,28.7,3
fd124ae9-b1fc-4bb1-ae0b-21aba09589f3,426ba4fa-9ace-4edd-805e-b88ac3f8289e,2024-03-24,Billing,27.68,5
f8f6cbff-af20-4af5-ad92-98ce17af9aa1,75391525-375c-4a6e-9935-8ba83c44d1f6,2024-03-27,Technical,46.64,1
2eee0ee5-7bc9-4509-97b0-7c7723d3fc6e,f030c0a8-1c1f-4c59-ac41-3a8ec4e8fa95,2024-01-04,Product Feature,42.52,2
60e2b836-ed05-419c-be8e-92ddee921313,c102f343-feec-469e-ac0b-4bf722d7c6ee,2024-02-28,Technical,45.44,2
ddf37786-60d6-4d65-9934-127c8c1571f4,a5af5054-dd0e-456c-9a85-f8ea5b1de63b,2024-03-07,Product Feature,6.34,4
3eec20c3-d11b-418c-85aa-79a35e20f803,ad40abeb-ab3a-4ded-925c-5e8423ba31bd,2024-02-12,Technical,41.8,4
9d1a5439-c6ce-425b-b7e2-045921e475e4,8098f757-698e-45d8-97c5-b333b6882bcd,2024-03-16,Technical,7.07,1
8afe0f7f-c859-43f3-af92-11226157a6fe,43d8f8b0-4bd2-4db3-bfa8-e091c58f2b53,2024-01-25,Product Feature,30.75,2
e98849ec-98a4-4c73-b511-bf622c950a62,dbce4ced-75c3-4c85-ab38-f36c3c312db4,2024-01-14,Billing,34.84,4
1a7738bf-52b6-479a-a0bc-1190f3f80a80,435ee49d-59d2-491d-9289-b214862ba3fc,2024-01-14,Billing,8.56,3
d6c066a1-4fa2-4d77-9fa9-fcd9524a2c15,f60d460e-6511-4f1a-bdc7-5728163264dd,2024-01-02,Technical,30.73,5
2e516d24-24bf-482f-a402-907ade3c65df,abdf5cea-e136-4f62-9942-42c18eef20dc,2024-03-17,Technical,3.47,4
9f71216f-06a7-40fd-a55f-c317711bd52a,33f901e1-2cd7-449a-80ca-74f1b44d739c,2024-01-09,Product Feature,14.78,1
fdce5ffa-d382-44dc-a2c5-7ad5a6f41d51,33d3821a-aa07-41be-a061-5bedaf99ab67,2024-03-16,Product Feature,44.29,2
f3b505e8-d058-4f7b-9759-4bc6f5a848d4,1887357c-4e0f-4a4a-bc54-0a8166003e66,2024-01-25,Technical,9.07,1
d5780663-3b84-4f0d-8859-e31939b8fdeb,82e1c0a8-d53c-4aa6-8528-f7b00b635030,2024-03-14,Product Feature,4.07,5
4ebe5a9a-ee41-4208-a554-53b01c563427,403540b8-37a4-4546-b62a-d75b0110e574,2024-01-17,Billing,21.85,5
eadc1249-4f95-4c64-8477-40b9212420ca,f255a341-30a4-4d3b-9bc2-7c0aced48802,2024-03-22,Billing,40.98,1
8c093daa-99dc-4fe0-aab9-a3569a76d5b9,8ab6f095-2843-42e2-b0ba-020c4b3e8ab2,2024-03-06,Product Feature,4.6,4
19d672cd-32c4-4d57-9a37-8aa4d0cbab37,c2426a9a-833b-4c90-a442-75ff3e587d03,2024-02-02,Product Feature,17.71,4
836261a0-411b-476a-9f63-67c52fad9189,21061613-7c0a-4baa-ac77-89491153ef5f,2024-02-15,Product Feature,43.29,2
5c0e7107-c760-4cd2-aa82-e76d148b5743,54cac78b-1cd2-4b7a-b012-b6b2e2adb653,2024-02-23,Billing,6.55,2
46e67f55-9fcf-46df-b06f-7c4050d8b541,83dd5108-98bb-41a9-ad1b-834225f05178,2024-03-02,Technical,15.6,3
74b8c0a9-9b49-4ca5-af05-aa06d07bcb3d,1dad97a3-14be-456f-a828-2c472916a32f,2024-03-20,Product Feature,37.59,3
3aec0160-e211-4e7a-b864-b2906b645dd5,b833ba14-c993-4e95-b7cb-9428978426b1,2024-02-26,Product Feature,26.53,2
46d3fad9-abc8-4426-a84c-4e477617b0f4,02b25e1c-254f-4cee-a523-8028b476baca,2024-01-24,Product Feature,40.12,3
553d8f5c-3ad3-4570-a149-d08d32aba23f,24bb3971-9e38-48ae-9b42-9f53a449cc4b,2024-02-01,Technical,6.24,1
ae0363a1-c8ce-4ada-81eb-e7714c75de4c,4d552037-746e-4142-a2c3-4b408369e9f9,2024-01-18,Product Feature,44.27,4
d062578d-6add-4e4c-be12-ec1ee391e468,6e4ae58b-0d1f-4e63-9b6d-7be3cb03d7f9,2024-01-06,Product Feature,44.94,3
2706afe1-f563-4dbc-929f-8c7c0ee33c61,cbd11ab7-fe0d-4f7d-9430-bb28a8d284f1,2024-01-08,Billing,8.3,3
2326daea-31fd-4044-a258-b845c06ad2f9,f17065a9-a5e9-4054-aaf0-74006ae50b46,2024-01-17,Product Feature,2.59,1
2d3060fa-3e66-463a-b4be-2a0b581a4a99,c0c43dfe-1478-4774-a0eb-3d66984fb7de,2024-02-09,Billing,47.52,5
3c0250b8-843f-462d-b4b2-8dde660c0f5c,684c597f-bafe-42fa-9f6e-4be73de5a6a6,2024-03-15,Technical,23.67,2
9f37e386-9ee3-4e88-8485-5c04deaf33b6,673700c1-f66d-483a-a0da-ab25790052f3,2024-02-25,Product Feature,27.89,1
57a07f6b-306c-4799-995e-f16b0e6d5092,c222022e-f0c1-430e-9459-c2a9c87799de,2024-03-06,Product Feature,29.95,5
a3f78d3c-4526-40f8-be08-eb736eadc96e,3df0af43-0115-45ba-b3d8-8732a88a68d6,2024-03-24,Billing,38.11,1
b938ac8e-fa9e-4742-8ebc-a50e4d550bb9,4cfe96ac-dfca-44a3-96a4-f5daf69bb111,2024-02-15,Technical,39.16,4
e4909fe9-9f22-4ee3-bbc2-c7c0f4b9abd3,33d3821a-aa07-41be-a061-5bedaf99ab67,2024-02-09,Technical,10.11,1
2743c564-6333-4119-8a48-7adcedbffdfa,d4ce29ff-b4f6-40bf-b9c9-dcaa916ed5c1,2024-03-15,Billing,12.12,1
0c73e6f4-b29e-4b62-92f9-26cf4e64c2d5,ff888699-b956-4f9e-816b-ca590ffd6371,2024-03-10,Technical,42.21,4
768e21c0-3c39-45fc-adf8-1b2e98a19b02,a62e154e-e908-419d-aae1-a75bcdceccb2,2024-01-19,Technical,39.52,2
fb287c20-fc3c-46bf-920a-c4b1e23c325b,488ce3c6-3e54-4518-b580-254949fd7fd6,2024-01-19,Technical,30.03,5
9287baa2-c97f-4d67-9996-d8a4eeb71b7c,99616492-cbe7-402a-95fb-f633fac4ec4b,2024-03-01,Technical,47.75,3
e46590df-e621-40f3-a100-54f726ffcf71,155e685c-c629-4761-b891-e31aea65df89,2024-02-09,Technical,35.55,2
0004058f-d55f-454e-a4f2-e9b70923fcde,0a1ee921-0a29-4c89-8047-f139f2ab4b2a,2024-03-18,Technical,11.14,1
9e0b2fb4-0b2c-483f-86ff-0cbd96a1a8e5,d7c9ceaf-d609-45b7-836b-7c0ec294dfb1,2024-02-13,Technical,40.79,3
78910767-170f-4301-9414-d3446c8769c6,3a4aa2c4-649e-49c2-85b5-6fe3bb256a38,2024-02-07,Technical,20.49,4
5f201259-1e2c-4ce8-971a-330e6d49a6e9,abdf5cea-e136-4f62-9942-42c18eef20dc,2024-02-17,Product Feature,2.7,2
5e36ef6f-52ab-482a-a9ec-e6cd100ae3c9,6ae942fb-9fd5-4496-a9d2-1633df3951cf,2024-01-02,Billing,16.11,5
c404e087-4a87-4e9f-b75e-952f9211113a,e1dfa02b-0698-4b30-9e95-bc335064bdbf,2024-03-07,Technical,36.89,2
996c8ebd-1239-4ff1-ab01-28a918218811,b539ddb8-a374-48b1-9105-65ce4444accb,2024-03-16,Billing,46.13,2
998dd252-4cbc-4e34-95ec-f140759539ac,b539ddb8-a374-48b1-9105-65ce4444accb,2024-03-25,Technical,13.98,3
feb8dd65-44f0-4759-806d-a052cacb5b4c,e3d384a2-375f-4518-ae17-f9195934c27a,2024-03-27,Technical,12.59,4
423c2fe2-fa97-4b91-b3b3-eaa87b422833,81998f73-dc20-4c69-ba57-d24d40820d84,2024-01-19,Product Feature,27.49,4
67b0f4ab-639e-4abd-9f65-cbf4996f31b7,be13e91b-ee58-4fd6-ae80-fe9ae53d6711,2024-01-08,Billing,39.15,2
c1075942-1c9b-4cb6-92e7-bae5a52ee873,3759b6dc-d0bd-4fae-b3b5-021d7d80b436,2024-01-31,Billing,36.09,4
ac84efda-fd9a-4e13-9ec0-10d59afccfa0,5f888994-a2dd-4b6a-a855-11f6042c45b1,2024-03-05,Product Feature,27.32,3
10043772-9935-4311-b3b5-5107461c37f7,caed1e80-df40-4f65-91af-58b348825aaf,2024-03-12,Product Feature,30.68,3
7a8f964b-5518-4511-b216-8f9b94e7e46a,2fddd608-4438-4998-b590-ec1418e4c90e,2024-01-07,Billing,12.38,5
15e1e034-1214-46de-96c2-78818d893fac,791b41e6-640c-4c0d-a8d5-a0f5ee7c2bc2,2024-02-24,Technical,21.33,4
a2a23387-4588-42a7-8af3-2fb24aa1b17e,403540b8-37a4-4546-b62a-d75b0110e574,2024-02-14,Technical,13,5
51fbbe36-9ec6-40c4-a447-f9f323f0d904,c936a2fe-b2ea-402f-8bbb-58f91156c3d3,2024-01-26,Billing,42.57,1
35d47565-8895-4b9a-bc8f-1dd175cac71b,c37b898e-a5a8-4f37-a994-d2e541130907,2024-01-26,Technical,6.29,3
f192362c-6adf-46ce-aa4c-a569b686471b,abdf5cea-e136-4f62-9942-42c18eef20dc,2024-03-22,Product Feature,32.95,2
81e71d06-d481-482b-ba99-d4fa03ee2c00,223199b7-fe9b-4867-8cfb-99797a14c4e0,2024-01-26,Product Feature,13.23,3
04a8d746-a175-4063-9077-998c56dd90ef,6b9a1019-0a9c-4f9b-ba4f-98a8562e5fde,2024-01-09,Product Feature,23.35,1
ff263f9c-cd37-44d4-8a4e-11b565a41273,36eee2e6-2404-4892-a20f-08a6c682133e,2024-02-13,Billing,15.07,2
9f0ec99f-61d8-4655-a1ce-b077cb143d2d,3d1ba46b-abb1-4313-b3c4-69490e84cde9,2024-01-25,Billing,16.19,4
cf651861-01e3-4a9d-91eb-4b9eca4384d5,a876fee4-c297-4f17-8fde-5deb667447c0,2024-03-26,Billing,13.24,4
b9915d6e-9290-4abb-ae27-131fa777fc6d,f0b1e60e-42eb-4915-9106-27ac5bd6d0a1,2024-03-01,Technical,36.38,3
33e82bef-21b6-4158-8e6a-e34146257301,b9c85c8c-af88-4a43-a6fe-13817b802fb3,2024-03-29,Billing,18.19,2
7c57be0a-0af9-44e1-9bf7-50bde750adb4,f17d87c0-c59e-4615-8366-4d25ff6b057c,2024-03-29,Billing,35.14,2
d07ad666-4c83-46c7-8a2e-b1e93d8fbc87,a8001f07-a5bb-4fd3-8746-302d870c2757,2024-02-29,Product Feature,22.44,5
bd58ddf0-c8df-4d41-bbb5-da80fb7c99d6,9e4e55b8-da77-4a61-bb1f-24aed38a9f37,2024-03-17,Technical,26.72,1
235df6bb-fcff-4dc5-9ba7-0d41d9cb8ce2,fcb8903f-ffa8-4e13-a9ee-7a104bb1a141,2024-03-29,Technical,26.53,4
009612c0-7760-433f-81d3-a2e86eabc7ff,c9a94f01-ab03-4c5c-acd5-a742677834fa,2024-02-12,Product Feature,46.87,3
0e2d32be-d920-4255-8597-d970dee7fc22,be13e91b-ee58-4fd6-ae80-fe9ae53d6711,2024-03-15,Technical,18.25,2
add962af-c20d-4091-b8c6-c7f55b9ac141,46a2fa86-4dd5-451e-a10c-52bc2a052ee0,2024-03-13,Billing,10.76,4
d299bdbb-28ff-484b-96dd-571080ace625,517a6395-6bf9-40cd-af05-c9bc5b3ba2c0,2024-02-12,Technical,43.85,3
b18edbdb-4ed1-4ab9-aa93-69e356feb490,1e7a2475-0886-4039-855d-5d1632aad0f4,2024-03-19,Product Feature,9.22,4
6e955f42-b43c-45d3-8075-8938eff70b41,caed1e80-df40-4f65-91af-58b348825aaf,2024-02-08,Technical,40.22,3
997a9625-0ab7-4615-ad0f-df2788c569ac,a42fcfba-edf9-4493-bf56-44bf71f1b0b7,2024-02-23,Product Feature,8.06,4
